lat_rounded,long_rounded,days_active,total_detections,has_facility,facility_name,nearest_facility_name,nearest_facility_distance_km,weak_label,avg_frp,max_frp,avg_brightness,std_frp,night_ratio
8.01,80.6,1,1,False,,Ihalagama Buiscut Factory,7.35116700875049,Wildfire,1.61,1.61,330.09,0.0,0.0
8.01,81.3,1,1,False,,Unnamed Facility,8.016496242689497,Wildfire,2.97,2.97,331.75,0.0,0.0
8.02,80.31,1,1,False,,Unnamed Facility,2.639721642811227,Wildfire,3.0,3.0,335.51,0.0,0.0
8.02,80.36,1,1,False,,Unnamed Facility,5.009708435341985,Wildfire,5.32,5.32,331.59,0.0,0.0
8.02,80.62,1,2,False,,Ihalagama Buiscut Factory,8.451496067526357,Wildfire,6.050000000000001,9.3,336.59000000000003,4.59619407771256,0.0
8.02,80.63,1,1,False,,Muslim Vidyalaya,9.347144584410213,Wildfire,11.54,11.54,340.91,0.0,0.0
8.02,81.31,1,1,False,,New Rathna Rice (Pvt) Ltd,8.724464062706026,Wildfire,9.02,9.02,337.18,0.0,0.0
8.02,81.42,1,1,True,Children community sentre,Children community sentre,1.4626128227801278,Gas Flare,5.04,5.04,343.16,0.0,0.0
8.02,81.43,1,2,False,,Children community sentre,2.5725734199397627,Wildfire,2.79,2.79,335.51,0.0,0.0
8.03,80.62,1,1,False,,Muslim Vidyalaya,7.935245301225994,Wildfire,6.82,6.82,342.88,0.0,0.0
8.03,80.63,1,1,False,,Muslim Vidyalaya,8.319276675365831,Wildfire,4.24,4.24,335.73,0.0,0.0
8.03,81.17,1,2,False,,Unnamed Facility,7.783318412588776,Wildfire,7.9,7.9,346.72,0.0,0.0
8.03,81.41,1,1,True,Children community sentre,Children community sentre,1.0544129621562364,Gas Flare,3.89,3.89,338.73,0.0,0.0
8.04,80.35,1,1,False,,Unnamed Facility,6.469416258836036,Wildfire,7.63,7.63,341.72,0.0,0.0
8.04,80.61,1,1,False,,Ihalagama Buiscut Factory,6.543246370041095,Wildfire,8.79,8.79,348.35,0.0,0.0
8.05,80.1,1,1,False,,Giribawa Divisional Secretariat Office,13.03826372517896,Wildfire,7.27,7.27,344.98,0.0,0.0
8.05,80.25,1,1,False,,Unnamed Facility,3.363191772426647,Wildfire,5.49,5.49,340.8,0.0,0.0
8.05,81.32,1,1,False,,Milk kalaking centre,8.795480395932069,Wildfire,5.47,5.47,331.26,0.0,0.0
8.06,79.87,1,1,False,,Unnamed Facility,8.013799915146953,Wildfire,4.55,4.55,343.64,0.0,0.0
8.06,80.1,1,1,False,,Giribawa Divisional Secretariat Office,12.450333324920074,Wildfire,2.21,2.21,334.82,0.0,0.0
8.06,80.25,1,1,False,,Unnamed Facility,4.088798008343548,Wildfire,3.89,3.89,338.37,0.0,0.0
8.06,80.64,1,1,False,,Muslim Vidyalaya,6.187600889381802,Wildfire,7.53,7.53,332.58,0.0,0.0
8.06,80.65,1,1,False,,Unnamed Facility,6.391681063018108,Wildfire,2.0,2.0,332.93,0.0,0.0
8.07,80.61,1,1,False,,Muslim Vidyalaya,3.36041179364918,Wildfire,8.99,8.99,343.14,0.0,0.0
8.07,80.64,1,1,False,,Muslim Vidyalaya,5.478969488406174,Wildfire,9.1,9.1,330.51,0.0,0.0
8.08,80.18,1,1,False,,Giribawa Divisional Secretariat Office,4.3957837011260645,Wildfire,8.84,8.84,336.55,0.0,0.0
8.08,80.78,1,1,False,,Unnamed Facility,8.257711191187536,Wildfire,3.64,3.64,331.36,0.0,0.0
8.09,79.93,1,1,False,,Unnamed Facility,13.302120844198376,Wildfire,14.3,14.3,344.56,0.0,0.0
8.09,80.78,1,1,False,,Unnamed Facility,8.551518645479485,Wildfire,1.88,1.88,314.58,0.0,1.0
8.09,81.37,1,2,False,,Milk kalaking centre,6.677097029079121,Wildfire,5.715,5.79,338.255,0.10606601717798238,0.0
8.09,81.39,1,1,False,,Milk kalaking centre,5.973210451599454,Wildfire,3.25,3.25,337.45,0.0,0.0
8.1,81.1,1,1,False,,Unnamed Facility,15.471963128834911,Wildfire,2.29,2.29,332.41,0.0,0.0
8.11,80.6,1,1,True,Muslim Vidyalaya,Muslim Vidyalaya,1.2865755610272882,Gas Flare,4.13,4.13,333.84,0.0,0.0
8.11,80.81,1,2,False,,Unnamed Facility,12.470527502736005,Wildfire,11.615,19.51,349.615,11.165216074935586,1.0
8.12,80.15,1,1,False,,Giribawa Divisional Secretariat Office,5.269883404512957,Wildfire,4.77,4.77,338.84,0.0,0.0
8.12,80.52,1,1,False,,Ihalagama Buiscut Factory,7.9245339335181795,Wildfire,6.02,6.02,334.58,0.0,0.0
8.12,80.56,1,1,False,,Muslim Vidyalaya,5.029396265261805,Wildfire,1.13,1.13,304.17,0.0,1.0
8.12,80.8,1,1,False,,Unnamed Facility,11.987573145445946,Wildfire,19.51,19.51,345.81,0.0,1.0
8.12,80.82,1,1,False,,Unnamed Facility,13.946813002456691,Wildfire,6.85,6.85,338.16,0.0,0.0
8.13,80.03,1,1,False,,Giribawa Divisional Secretariat Office,18.659342770859464,Wildfire,5.23,5.23,340.17,0.0,0.0
8.13,80.1,1,1,False,,Giribawa Divisional Secretariat Office,10.92484773468484,Wildfire,6.31,6.31,331.97,0.0,0.0
8.13,80.55,2,2,False,,Muslim Vidyalaya,6.552289120669463,Wildfire,3.8500000000000005,5.23,332.765,1.9516147160748711,0.0
8.13,80.81,1,1,False,,Unnamed Facility,13.516709904648469,Wildfire,5.69,5.69,352.75,0.0,0.0
8.13,80.82,1,1,False,,Unnamed Facility,14.468715192497562,Wildfire,4.16,4.16,337.75,0.0,0.0
8.15,80.06,1,1,False,,Giribawa Divisional Secretariat Office,15.726929997739866,Wildfire,2.4,2.4,331.23,0.0,0.0
8.15,81.14,1,1,False,,Unnamed Facility,14.413997655331304,Wildfire,7.53,7.53,337.83,0.0,0.0
8.16,80.46,1,1,False,,Unnamed Facility,4.702012499760697,Wildfire,7.45,7.45,335.29,0.0,0.0
8.16,80.68,1,2,False,,Unnamed Facility,10.986807009325506,Wildfire,6.09,6.66,339.355,0.8061017305526645,0.0
8.17,80.63,1,1,False,,Muslim Vidyalaya,8.63935446745704,Wildfire,2.95,2.95,333.18,0.0,0.0
8.17,81.08,1,1,False,,Unnamed Facility,14.011080883278003,Wildfire,2.53,2.53,337.03,0.0,0.0
8.17,81.31,1,1,False,,Ice factory,14.131208826252651,Wildfire,14.58,14.58,351.92,0.0,0.0
8.18,80.58,1,1,False,,Muslim Vidyalaya,9.33220363247126,Wildfire,9.25,9.25,348.04,0.0,0.0
8.19,80.1,1,1,False,,Giribawa Divisional Secretariat Office,13.609904452148088,Wildfire,5.18,5.18,351.75,0.0,0.0
8.21,80.58,1,1,False,,Muslim Vidyalaya,12.598800008466917,Wildfire,8.22,8.22,345.91,0.0,0.0
8.21,80.69,2,2,False,,Muslim Vidyalaya,15.956063359610733,Wildfire,3.0549999999999997,4.09,333.2,1.4637110370561532,0.0
8.22,80.98,2,2,False,,Unnamed Facility,8.880889499498503,Wildfire,3.5149999999999997,5.01,332.51,2.114249275747777,0.0
8.22,81.08,1,1,False,,Unnamed Facility,11.436105624066911,Wildfire,5.88,5.88,336.55,0.0,0.0
8.23,80.33,1,2,False,,Unnamed Facility,4.206211889726049,Wildfire,2.74,2.74,334.875,0.0,0.0
8.23,80.6,1,1,False,,Muslim Vidyalaya,14.62970794195942,Wildfire,4.55,4.55,335.12,0.0,0.0
8.24,80.11,1,1,False,,Giribawa Divisional Secretariat Office,16.89183039956301,Wildfire,1.97,1.97,330.25,0.0,0.0
8.24,80.16,1,1,False,,Giribawa Divisional Secretariat Office,14.437525215930032,Wildfire,5.42,5.42,336.92,0.0,0.0
8.24,80.17,1,1,False,,Giribawa Divisional Secretariat Office,14.159179404545688,Wildfire,6.0,6.0,338.29,0.0,0.0
8.24,80.64,1,2,False,,Unnamed Facility,14.270102997427747,Wildfire,4.99,7.04,335.635,2.899137802864845,0.0
8.24,80.65,1,1,False,,Unnamed Facility,14.48404311717784,Wildfire,6.02,6.02,337.12,0.0,0.0
8.25,80.26,1,1,False,,Unnamed Facility,10.377807727929325,Wildfire,4.58,4.58,331.3,0.0,0.0
8.25,80.33,1,1,False,,Unnamed Facility,2.774642297187973,Wildfire,3.86,3.86,349.05,0.0,0.0
8.25,80.78,1,2,False,,Unnamed Facility,22.01530720908473,Wildfire,5.74,6.36,335.39,0.876812408671319,0.0
8.26,80.11,1,1,False,,Giribawa Divisional Secretariat Office,18.75645284870804,Wildfire,4.31,4.31,343.26,0.0,0.0
8.26,80.12,1,1,False,,Giribawa Divisional Secretariat Office,18.20660426339343,Wildfire,3.68,3.68,343.55,0.0,0.0
8.26,80.15,1,1,False,,Giribawa Divisional Secretariat Office,16.89216856628019,Wildfire,1.55,1.55,332.6,0.0,0.0
8.26,80.25,1,1,False,,Unnamed Facility,11.427536799706637,Wildfire,4.7,4.7,334.57,0.0,0.0
8.26,80.26,1,1,False,,Unnamed Facility,10.315590019933532,Wildfire,8.63,8.63,337.49,0.0,0.0
8.26,80.32,1,1,False,,Unnamed Facility,3.6439412113836553,Wildfire,5.93,5.93,348.78,0.0,0.0
8.27,80.15,1,1,False,,Giribawa Divisional Secretariat Office,17.952435684167604,Wildfire,10.91,10.91,346.01,0.0,0.0
8.27,80.33,1,1,False,,Unnamed Facility,2.7561768199096592,Wildfire,3.03,3.03,332.14,0.0,0.0
8.28,81.0,1,1,False,,Unnamed Facility,6.58561400038077,Wildfire,8.12,8.12,331.91,0.0,0.0
8.29,80.18,1,1,False,,Giribawa Divisional Secretariat Office,19.486364243097096,Wildfire,9.1,9.1,340.21,0.0,0.0
8.29,80.2,1,1,False,,Unnamed Facility,17.307288014235066,Wildfire,1.76,1.76,309.31,0.0,1.0
8.29,80.58,1,1,False,,Unnamed Facility,9.633545089742794,Wildfire,15.45,15.45,331.23,0.0,0.0
8.31,80.6,1,1,False,,Unnamed Facility,6.699012357403958,Wildfire,5.69,5.69,332.09,0.0,0.0
8.31,81.01,1,1,False,,Unnamed Facility,4.097048346203192,Wildfire,5.61,5.61,332.94,0.0,0.0
8.32,80.23,1,1,False,,Design Studio Manufacturing (Pvt) Ltd,14.787172080815646,Wildfire,7.54,7.54,345.94,0.0,0.0
8.32,80.29,1,1,False,,Design Studio Manufacturing (Pvt) Ltd,8.147893772184453,Wildfire,8.9,8.9,342.47,0.0,0.0
8.33,80.28,1,1,False,,Design Studio Manufacturing (Pvt) Ltd,9.187969126896707,Wildfire,3.14,3.14,341.44,0.0,0.0
8.33,80.77,1,1,False,,Unnamed Facility,17.16015438420774,Wildfire,1.65,1.65,333.02,0.0,0.0
8.34,80.27,1,1,False,,Design Studio Manufacturing (Pvt) Ltd,10.363160961571332,Wildfire,3.14,3.14,331.57,0.0,0.0
8.35,80.18,1,1,False,,Design Studio Manufacturing (Pvt) Ltd,20.432289808664507,Wildfire,1.91,1.91,330.97,0.0,0.0
8.35,80.55,1,1,False,,Factory,5.125253170791052,Wildfire,3.72,3.72,339.14,0.0,0.0
8.35,80.74,1,3,False,,Unnamed Facility,13.459720426178093,Wildfire,10.036666666666667,14.51,338.1666666666667,3.9537492754768016,0.0
8.35,80.75,1,1,False,,Unnamed Facility,14.561743124947366,Wildfire,19.72,19.72,343.16,0.0,0.0
8.36,80.59,1,1,False,,Unnamed Facility,3.433486540314985,Wildfire,1.93,1.93,333.82,0.0,0.0
8.36,80.75,1,1,False,,Unnamed Facility,14.461326734550893,Wildfire,5.61,5.61,333.87,0.0,0.0
8.37,80.18,1,1,False,,Design Studio Manufacturing (Pvt) Ltd,20.79559073535908,Wildfire,12.84,12.84,338.25,0.0,0.0
8.37,80.21,1,1,False,,Design Studio Manufacturing (Pvt) Ltd,17.55276718199653,Wildfire,6.99,6.99,336.98,0.0,0.0
8.37,80.22,1,1,False,,Design Studio Manufacturing (Pvt) Ltd,16.480080127259416,Wildfire,3.3,3.3,342.21,0.0,0.0
8.38,80.18,1,1,False,,Design Studio Manufacturing (Pvt) Ltd,21.063118267475225,Wildfire,22.11,22.11,350.32,0.0,0.0
8.39,80.21,1,2,False,,Design Studio Manufacturing (Pvt) Ltd,18.247443994210947,Wildfire,6.42,9.34,354.025,4.129503602129438,0.0
8.39,80.29,1,1,False,,Design Studio Manufacturing (Pvt) Ltd,10.495551436218204,Wildfire,7.05,7.05,336.13,0.0,0.0
8.39,80.3,1,1,False,,Design Studio Manufacturing (Pvt) Ltd,9.666069725810017,Wildfire,2.31,2.31,330.45,0.0,0.0
8.39,80.79,1,1,False,,Unnamed Facility,19.06498749550758,Wildfire,6.16,6.16,330.12,0.0,0.0
8.39,81.02,1,1,False,,Unnamed Facility,8.610050324267991,Wildfire,6.27,6.27,337.54,0.0,0.0
8.39,81.03,1,1,False,,Unnamed Facility,8.300750994608332,Wildfire,6.44,6.44,340.75,0.0,0.0
8.4,80.43,2,3,True,AgStar Grains (Pvt) Ltd,AgStar Grains (Pvt) Ltd,1.97257909785958,Gas Flare,7.4433333333333325,14.49,342.22333333333336,6.102592345334345,0.0
8.4,80.63,1,1,False,,Unnamed Facility,3.853112333104358,Wildfire,3.19,3.19,333.85,0.0,0.0
8.4,80.68,1,1,False,,Unnamed Facility,7.613745049470147,Wildfire,1.64,1.64,332.62,0.0,0.0
8.4,81.04,1,1,False,,Unnamed Facility,9.241429859950228,Wildfire,6.81,6.81,337.34,0.0,0.0
8.4,81.06,2,3,False,,Unnamed Facility,9.343839603931618,Wildfire,5.876666666666666,8.74,340.39,2.4899062900706395,0.0
8.41,81.06,1,2,False,,Unnamed Facility,10.442193104794963,Wildfire,9.09,9.69,338.28999999999996,0.8485281374238566,0.0
8.42,80.34,1,1,False,,Unnamed Facility,8.475611483382105,Wildfire,4.74,4.74,332.46,0.0,0.0
8.42,80.38,1,1,False,,Unnamed Facility,6.344999733923962,Wildfire,2.61,2.61,336.19,0.0,0.0
8.42,80.42,1,1,False,,AgStar Grains (Pvt) Ltd,4.33527268435842,Wildfire,4.37,4.37,330.78,0.0,0.0
8.42,80.45,1,1,False,,AgStar Grains (Pvt) Ltd,4.760132040624539,Wildfire,2.86,2.86,331.74,0.0,0.0
8.43,80.35,2,2,False,,Unnamed Facility,8.675714737407356,Wildfire,6.345000000000001,6.95,335.775,0.8555992052357222,0.0
8.43,80.38,1,2,False,,Unnamed Facility,7.436033446872451,Wildfire,2.01,2.14,332.09,0.18384776310850268,0.0
8.43,80.46,1,2,False,,industrial ground area,5.065170711941783,Wildfire,7.39,7.39,340.14,0.0,0.0
8.43,80.51,1,4,True,industrial ground area,industrial ground area,1.371627212392882,Gas Flare,10.2175,22.75,342.8325,8.355,0.0
8.43,80.56,1,1,False,,open areas,6.1026715544223125,Wildfire,2.51,2.51,336.8,0.0,0.0
8.43,80.84,1,1,False,,Unnamed Facility,25.439551460097903,Wildfire,7.49,7.49,338.86,0.0,0.0
8.44,80.67,1,1,False,,Unnamed Facility,9.85067076061601,Wildfire,11.39,11.39,349.64,0.0,0.0
8.44,81.09,1,1,False,,Unnamed Facility,14.507728367038013,Wildfire,3.43,3.43,337.25,0.0,0.0
8.44,81.1,1,1,False,,Unnamed Facility,14.9182344550517,Wildfire,7.92,7.92,348.69,0.0,0.0
8.45,80.18,1,1,False,,Design Studio Manufacturing (Pvt) Ltd,24.3163236644368,Wildfire,4.47,4.47,334.5,0.0,0.0
8.45,80.22,1,1,False,,Design Studio Manufacturing (Pvt) Ltd,20.74656702980008,Wildfire,2.13,2.13,332.12,0.0,0.0
8.45,80.24,1,1,False,,Design Studio Manufacturing (Pvt) Ltd,19.100404211950927,Wildfire,2.9,2.9,339.02,0.0,0.0
8.45,80.66,1,1,False,,Unnamed Facility,10.260589332662486,Wildfire,5.8,5.8,340.29,0.0,0.0
8.45,81.1,1,1,False,,Unnamed Facility,15.727511975204065,Wildfire,5.03,5.03,333.83,0.0,0.0
8.46,80.4,1,1,False,,AgStar Grains (Pvt) Ltd,9.257135965463048,Wildfire,5.47,5.47,333.89,0.0,0.0
8.46,80.5,2,2,True,open areas,open areas,1.9639888505563103,Gas Flare,4.38,5.87,332.025,2.107178207935912,0.0
8.46,80.51,1,1,True,open areas,open areas,1.8431027628938497,Gas Flare,3.0,3.0,333.56,0.0,0.0
8.46,80.63,1,1,False,,Unnamed Facility,10.422999979556408,Wildfire,6.95,6.95,335.02,0.0,0.0
8.46,80.79,1,1,False,,Unnamed Facility,21.5463050099512,Wildfire,6.6,6.6,335.48,0.0,0.0
8.46,80.81,1,1,False,,Unnamed Facility,23.52031724103957,Wildfire,10.92,10.92,343.07,0.0,0.0
8.46,81.1,1,1,False,,Unnamed Facility,14.937405948111824,Wildfire,7.32,7.32,345.65,0.0,0.0
8.46,81.11,1,2,False,,Unnamed Facility,14.155769238392825,Wildfire,9.07,11.4,345.85,3.2951176003293114,0.0
8.46,81.12,1,1,False,,Unnamed Facility,13.420818579538976,Wildfire,6.74,6.74,340.22,0.0,0.0
8.47,80.49,1,2,False,,open areas,3.471523762599113,Wildfire,1.59,1.59,331.03499999999997,0.0,0.0
8.47,80.66,1,1,False,,Unnamed Facility,12.303699395497862,Wildfire,3.54,3.54,335.56,0.0,0.0
8.47,80.83,1,1,False,,Kebitigollewa Bus Depot,25.9430903602339,Wildfire,6.05,6.05,340.45,0.0,0.0
8.48,80.33,1,1,False,,Unnamed Facility,14.602011981331264,Wildfire,3.22,3.22,330.11,0.0,0.0
8.48,80.46,2,2,False,,industrial ground area,6.564099959492086,Wildfire,5.83,6.49,344.17499999999995,0.933380951166243,0.0
8.48,80.5,1,1,False,,open areas,4.105166391282812,Wildfire,2.37,2.37,336.32,0.0,0.0
8.48,80.76,1,1,False,,Unnamed Facility,20.00983962676408,Wildfire,4.67,4.67,336.0,0.0,0.0
8.48,80.79,1,1,False,,Kebitigollewa Bus Depot,22.3043945928612,Wildfire,4.38,4.38,339.67,0.0,0.0
8.48,80.8,1,1,False,,Kebitigollewa Bus Depot,22.96093436370576,Wildfire,3.7,3.7,338.11,0.0,0.0
8.48,80.83,2,3,False,,Kebitigollewa Bus Depot,25.123637216958468,Wildfire,6.113333333333333,12.26,337.14000000000004,5.323169481928349,0.0
8.49,80.47,1,1,False,,open areas,6.578533373513607,Wildfire,10.21,10.21,346.93,0.0,0.0
8.49,80.74,1,1,False,,Kebitigollewa Bus Depot,18.61753425400146,Wildfire,8.76,8.76,343.3,0.0,0.0
8.49,80.75,1,1,False,,Kebitigollewa Bus Depot,19.077912849361564,Wildfire,6.65,6.65,333.16,0.0,0.0
8.49,80.76,1,1,False,,Kebitigollewa Bus Depot,19.5906558853712,Wildfire,5.13,5.13,334.93,0.0,0.0
8.49,80.82,1,1,False,,Kebitigollewa Bus Depot,23.551775797048546,Wildfire,6.89,6.89,342.09,0.0,0.0
8.5,80.21,1,1,False,,Unnamed Facility,25.24355652639392,Wildfire,3.06,3.06,333.2,0.0,0.0
8.5,80.25,1,1,False,,Unnamed Facility,21.84196273021317,Wildfire,15.55,15.55,349.04,0.0,0.0
8.5,80.62,1,1,False,,open areas,14.050807842601618,Wildfire,2.91,2.91,337.01,0.0,0.0
8.5,80.66,1,1,False,,Unnamed Facility,15.462195006655485,Wildfire,4.53,4.53,336.63,0.0,0.0
8.5,80.74,1,1,False,,Kebitigollewa Bus Depot,17.598622558415947,Wildfire,12.18,12.18,353.16,0.0,0.0
8.51,80.16,1,2,False,,Design Studio Manufacturing (Pvt) Ltd,30.158465103361685,Wildfire,2.395,2.89,334.105,0.7000357133746822,0.0
8.51,80.18,1,1,False,,Design Studio Manufacturing (Pvt) Ltd,28.535312628758465,Wildfire,23.97,23.97,335.74,0.0,0.0
8.51,80.24,1,1,False,,Unnamed Facility,23.414140289166504,Wildfire,3.23,3.23,332.7,0.0,0.0
8.51,80.54,1,1,False,,open areas,8.239407953339766,Wildfire,3.69,3.69,332.69,0.0,0.0
8.51,80.55,1,1,False,,open areas,8.793126200631141,Wildfire,3.9,3.9,331.71,0.0,0.0
8.51,80.6,1,1,False,,open areas,12.710945216938978,Wildfire,13.37,13.37,354.81,0.0,0.0
8.51,80.76,1,1,False,,Kebitigollewa Bus Depot,17.676666226148832,Wildfire,3.0,3.0,338.72,0.0,0.0
8.51,80.77,1,1,False,,Kebitigollewa Bus Depot,18.29656881888412,Wildfire,3.84,3.84,341.02,0.0,0.0
8.51,80.79,1,1,False,,Kebitigollewa Bus Depot,19.66679488168,Wildfire,7.49,7.49,340.7,0.0,0.0
8.51,80.83,1,1,False,,Kebitigollewa Bus Depot,22.814336496452388,Wildfire,15.74,15.74,345.18,0.0,0.0
8.52,80.28,1,1,False,,Unnamed Facility,21.33124085174764,Wildfire,4.82,4.82,343.17,0.0,0.0
8.52,80.42,1,1,False,,industrial ground area,12.848162913648762,Wildfire,15.94,15.94,345.24,0.0,0.0
8.52,80.6,1,1,False,,open areas,13.386320566005692,Wildfire,18.88,18.88,367.0,0.0,0.0
8.52,80.82,1,1,False,,Kebitigollewa Bus Depot,21.24621220324585,Wildfire,5.01,5.01,336.92,0.0,0.0
8.53,80.43,1,3,False,,open areas,12.848231231801302,Wildfire,4.62,6.58,338.18,1.6974097914174995,0.0
8.53,80.83,1,1,False,,Kebitigollewa Bus Depot,21.42559520746616,Wildfire,10.43,10.43,343.15,0.0,0.0
8.54,80.43,1,1,False,,open areas,13.698475114343063,Wildfire,4.6,4.6,344.56,0.0,0.0
8.54,80.52,1,1,False,,open areas,10.80457854437358,Wildfire,7.06,7.06,336.54,0.0,0.0
8.54,80.77,1,1,False,,Kebitigollewa Bus Depot,15.694489300033329,Wildfire,3.59,3.59,334.33,0.0,0.0
8.54,80.85,1,1,False,,Kebitigollewa Bus Depot,22.66581681959648,Wildfire,4.79,4.79,338.61,0.0,0.0
8.54,80.88,1,1,False,,Kebitigollewa Bus Depot,25.589545275149018,Wildfire,6.79,6.79,345.24,0.0,0.0
8.55,80.37,1,1,False,,industrial ground area,19.23372707947648,Wildfire,4.39,4.39,338.51,0.0,0.0
8.55,80.64,1,1,False,,Kebitigollewa Bus Depot,11.169815634057676,Wildfire,2.2,2.2,332.68,0.0,0.0
8.55,80.75,1,1,False,,Kebitigollewa Bus Depot,13.403480866936526,Wildfire,10.97,10.97,349.24,0.0,0.0
8.56,80.63,1,1,False,,Kebitigollewa Bus Depot,10.608873568088091,Wildfire,11.53,11.53,340.26,0.0,0.0
8.56,80.66,1,1,False,,Kebitigollewa Bus Depot,9.509198656113751,Wildfire,6.85,6.85,333.48,0.0,0.0
8.56,80.72,1,1,False,,Kebitigollewa Bus Depot,10.627580332276768,Wildfire,5.26,5.26,342.86,0.0,0.0
8.56,80.73,1,1,False,,Kebitigollewa Bus Depot,11.196156305772885,Wildfire,4.63,4.63,340.95,0.0,0.0
8.56,80.74,1,1,False,,Kebitigollewa Bus Depot,11.84209570430322,Wildfire,6.87,6.87,331.46,0.0,0.0
8.56,80.75,1,1,False,,Kebitigollewa Bus Depot,12.553461979023718,Wildfire,40.67,40.67,343.58,0.0,0.0
8.56,80.87,1,1,False,,Kebitigollewa Bus Depot,23.637317830600377,Wildfire,4.01,4.01,343.54,0.0,0.0
8.56,80.9,1,1,False,,Kebitigollewa Bus Depot,26.7328551331131,Wildfire,4.82,4.82,337.52,0.0,0.0
8.57,80.4,1,2,False,,open areas,18.394207648142395,Wildfire,6.06,6.06,336.395,0.0,0.0
8.57,80.59,1,1,False,,Kebitigollewa Bus Depot,12.53295765423804,Wildfire,5.11,5.11,332.44,0.0,0.0
8.57,80.78,1,1,False,,Kebitigollewa Bus Depot,14.314261536315009,Wildfire,7.86,7.86,339.49,0.0,0.0
8.57,80.84,1,1,False,,Kebitigollewa Bus Depot,20.136155954229714,Wildfire,4.76,4.76,334.37,0.0,0.0
8.57,80.9,1,1,False,,Kebitigollewa Bus Depot,26.363886553745623,Wildfire,10.76,10.76,343.07,0.0,0.0
8.58,80.36,1,1,False,,Vavunia Apparels,19.20115401719408,Wildfire,3.71,3.71,345.95,0.0,0.0
8.58,80.37,1,2,False,,Vavunia Apparels,18.720259561845484,Wildfire,3.71,3.71,343.12,0.0,0.0
8.58,80.78,1,1,False,,Kebitigollewa Bus Depot,13.70328122469506,Wildfire,4.34,4.34,330.04,0.0,0.0
8.59,80.52,1,1,False,,open areas,16.33057641414422,Wildfire,3.17,3.17,336.86,0.0,0.0
8.59,80.64,1,1,False,,Kebitigollewa Bus Depot,7.165639440166107,Wildfire,3.56,3.56,331.01,0.0,0.0
8.6,77.97,1,1,False,,Unnamed Facility,5.770938781372742,Wildfire,2.57,2.57,337.01,0.0,0.0
8.6,80.56,1,1,False,,Kebitigollewa Bus Depot,13.681833285765098,Wildfire,17.5,17.5,345.36,0.0,0.0
8.6,80.84,1,1,False,,Kebitigollewa Bus Depot,19.013912343837017,Wildfire,9.32,9.32,341.11,0.0,0.0
8.61,80.49,1,2,False,,Vavunia Apparels,14.886769197904552,Wildfire,9.155000000000001,14.4,340.815,7.417550134646883,0.0
8.61,80.83,1,1,False,,Kebitigollewa Bus Depot,17.66972961223342,Wildfire,7.64,7.64,342.45,0.0,0.0
8.61,80.97,1,1,False,,Eastern Salt Corporation,25.40078650748536,Wildfire,5.7,5.7,336.34,0.0,0.0
8.61,80.98,1,1,False,,Unnamed Facility,24.31186082822462,Wildfire,3.01,3.01,330.57,0.0,0.0
8.62,77.99,1,1,False,,Unnamed Facility,6.860050919883869,Wildfire,3.29,3.29,342.96,0.0,0.0
8.62,80.37,1,1,False,,Vavunia Apparels,14.772238322831656,Wildfire,4.39,4.39,336.9,0.0,0.0
8.62,80.41,1,1,False,,Vavunia Apparels,13.038514423543292,Wildfire,6.37,6.37,337.09,0.0,0.0
8.62,80.69,1,1,False,,Kebitigollewa Bus Depot,3.1786852469028664,Wildfire,7.09,7.09,342.6,0.0,0.0
8.62,80.7,1,1,False,,Kebitigollewa Bus Depot,3.885087537790143,Wildfire,7.65,7.65,333.64,0.0,0.0
8.63,80.37,1,1,False,,Vavunia Apparels,13.83271150834841,Wildfire,2.77,2.77,330.42,0.0,0.0
8.63,80.42,1,1,False,,Vavunia Apparels,11.715624403417472,Wildfire,2.87,2.87,330.56,0.0,0.0
8.63,80.51,1,1,False,,Vavunia Apparels,13.98884156056085,Wildfire,2.23,2.23,330.62,0.0,0.0
8.63,80.52,1,2,False,,Globe Mill,14.408001932606238,Wildfire,4.29,4.29,338.135,0.0,0.0
8.63,80.68,1,1,True,Kebitigollewa Bus Depot,Kebitigollewa Bus Depot,1.6832057712334292,Gas Flare,8.73,8.73,330.67,0.0,0.0
8.63,80.8,1,1,False,,Kebitigollewa Bus Depot,14.00878765208791,Wildfire,4.93,4.93,332.59,0.0,0.0
8.63,80.99,1,1,False,,Eastern Salt Corporation,22.258832576962973,Wildfire,6.7,6.7,343.53,0.0,0.0
8.63,81.0,2,2,False,,Eastern Salt Corporation,21.449136488596945,Wildfire,3.9850000000000003,5.65,332.64,2.354665581351204,0.0
8.63,81.01,2,4,False,,Eastern Salt Corporation,20.6675626735692,Wildfire,4.9350000000000005,5.65,337.725,0.5824374072235863,0.0
8.63,81.02,1,2,False,,Eastern Salt Corporation,19.917422021128605,Wildfire,4.34,4.34,336.87,0.0,0.0
8.64,78.06,1,2,False,,Unnamed Facility,4.024650900203379,Wildfire,3.735,3.84,334.53999999999996,0.14849242404917495,0.0
8.64,80.64,1,1,False,,Kebitigollewa Bus Depot,3.900359008821096,Wildfire,4.35,4.35,330.11,0.0,0.0
8.64,80.65,1,1,False,,Kebitigollewa Bus Depot,2.799706049499345,Wildfire,5.86,5.86,330.48,0.0,0.0
8.64,81.0,1,2,False,,Eastern Salt Corporation,20.68821043399773,Wildfire,5.585,5.65,342.695,0.09192388155425173,0.0
8.64,81.01,2,2,False,,Eastern Salt Corporation,19.876738709376408,Wildfire,4.92,5.52,343.485,0.8485281374238566,0.0
8.65,80.33,1,1,False,,Vavunia Apparels,15.257595619354907,Wildfire,3.67,3.67,337.54,0.0,0.0
8.65,80.63,1,1,False,,Kebitigollewa Bus Depot,5.025134681101511,Wildfire,6.18,6.18,335.0,0.0,0.0
8.65,80.86,1,1,False,,Kebitigollewa Bus Depot,20.60092350618831,Wildfire,7.2,7.2,338.41,0.0,0.0
8.65,80.87,1,2,False,,Kebitigollewa Bus Depot,21.712359945532167,Wildfire,4.64,4.64,337.605,0.0,0.0
8.65,81.01,1,1,False,,Eastern Salt Corporation,19.117902576329527,Wildfire,5.52,5.52,330.4,0.0,0.0
8.65,81.06,1,1,False,,Eastern Salt Corporation,15.427267672856248,Wildfire,2.47,2.47,332.61,0.0,0.0
8.66,80.48,1,1,False,,Vavunia Apparels,9.389700278393224,Wildfire,4.69,4.69,336.72,0.0,0.0
8.66,80.5,1,1,False,,Vavunia Apparels,10.65437162939318,Wildfire,10.58,10.58,345.93,0.0,0.0
8.66,80.51,1,1,False,,Globe Mill,10.89595141549427,Wildfire,17.0,17.0,341.21,0.0,0.0
8.66,80.83,1,1,False,,Kebitigollewa Bus Depot,17.344001262789526,Wildfire,10.8,10.8,339.9,0.0,0.0
8.67,77.4,1,1,False,,Madura Coats,4.72821731829659,Wildfire,6.07,6.07,332.62,0.0,0.0
8.67,80.26,1,1,False,,Vavunia Apparels,21.09923371048648,Wildfire,4.23,4.23,332.11,0.0,0.0
8.67,80.84,1,3,False,,Kebitigollewa Bus Depot,18.58929562804908,Wildfire,18.006666666666668,22.92,342.01,8.510142967855085,0.0
8.68,80.7,1,1,False,,Kebitigollewa Bus Depot,4.864535798821688,Wildfire,3.66,3.66,330.89,0.0,0.0
8.68,80.81,1,1,False,,Kebitigollewa Bus Depot,15.548670077571098,Wildfire,3.8,3.8,337.41,0.0,0.0
8.69,80.35,1,1,False,,Vavunia Apparels,10.998571266396096,Wildfire,14.63,14.63,335.52,0.0,0.0
8.69,80.36,1,2,False,,Vavunia Apparels,10.0129670942511,Wildfire,14.63,14.63,349.76,0.0,0.0
8.69,80.38,1,1,False,,Vavunia Apparels,8.140023176537682,Wildfire,4.7,4.7,337.9,0.0,0.0
8.69,80.8,1,1,False,,Kebitigollewa Bus Depot,14.8206986642602,Wildfire,6.67,6.67,344.17,0.0,0.0
8.69,81.02,1,2,False,,Eastern Salt Corporation,15.53757394935467,Wildfire,7.34,8.56,348.545,1.7253405460951765,0.0
8.7,77.8,1,1,False,,Unnamed Facility,7.326528085915746,Wildfire,12.9,12.9,344.6,0.0,0.0
8.7,80.29,1,1,False,,Vavunia Apparels,16.958418479375283,Wildfire,2.41,2.41,330.9,0.0,0.0
8.7,80.4,1,1,False,,Vavunia Apparels,5.708486048902047,Wildfire,6.06,6.06,335.76,0.0,0.0
8.7,80.86,2,3,False,,Kebitigollewa Bus Depot,21.504658364828348,Wildfire,7.103333333333333,7.89,340.74666666666667,0.6812733176437583,0.0
8.7,80.87,1,1,False,,Kebitigollewa Bus Depot,22.571638320788978,Wildfire,7.55,7.55,338.31,0.0,0.0
8.7,81.02,1,2,False,,Eastern Salt Corporation,14.972974759224106,Wildfire,24.645,34.68,344.895,14.191633098414009,0.0
8.7,81.13,1,1,False,,Eastern Salt Corporation,7.246376463561468,Wildfire,3.03,3.03,335.37,0.0,0.0
8.72,80.77,1,1,False,,Kebitigollewa Bus Depot,13.527873452665164,Wildfire,4.75,4.75,330.69,0.0,0.0
8.73,77.86,1,1,False,,Unnamed Facility,11.507285766091517,Wildfire,16.91,16.91,347.6,0.0,0.0
8.73,80.96,1,1,False,,Eastern Salt Corporation,20.17691925057014,Wildfire,3.93,3.93,332.41,0.0,0.0
8.75,77.44,1,1,False,,Unnamed Facility,3.469391819715257,Wildfire,6.9,6.9,343.06,0.0,0.0
8.75,80.53,2,4,False,,Globe Mill,5.105608718905022,Wildfire,5.695,11.42,340.83,4.815810765938933,0.0
8.75,80.54,2,3,False,,Globe Mill,6.213037373373784,Wildfire,8.44,16.54,337.25333333333333,7.016010262250191,0.0
8.75,81.0,1,1,False,,Eastern Salt Corporation,15.443882573920035,Wildfire,4.67,4.67,334.21,0.0,0.0
8.76,78.1,1,1,True,Unnamed Facility,Unnamed Facility,1.811629196470076,Gas Flare,2.68,2.68,333.26,0.0,0.0
8.77,80.1,1,1,False,,SEPTAGE TREATMENT PLANT,25.343792320069586,Wildfire,4.48,4.48,337.67,0.0,0.0
8.79,80.33,1,1,False,,Vavunia Apparels,13.617388593361518,Wildfire,4.95,4.95,334.56,0.0,0.0
8.79,80.34,1,1,False,,Vavunia Apparels,12.64035155945352,Wildfire,4.95,4.95,330.83,0.0,0.0
8.79,80.56,1,1,False,,Unnamed Facility,4.462936288384465,Wildfire,5.45,5.45,331.8,0.0,0.0
8.79,80.59,1,1,False,,Unnamed Facility,6.820728488220951,Wildfire,5.05,5.05,331.67,0.0,0.0
8.8,80.39,1,2,False,,Vavunia Apparels,9.152105895726969,Wildfire,5.67,6.19,337.55499999999995,0.7353910524340098,0.0
8.8,80.56,1,1,False,,Unnamed Facility,3.56022568107491,Wildfire,4.55,4.55,338.1,0.0,0.0
8.8,80.57,1,1,False,,Unnamed Facility,4.366981049860171,Wildfire,4.76,4.76,336.59,0.0,0.0
8.8,80.59,1,1,False,,Unnamed Facility,6.267355398893161,Wildfire,7.92,7.92,345.2,0.0,0.0
8.81,77.84,1,1,False,,Unnamed Facility,7.717142850001863,Wildfire,11.75,11.75,342.22,0.0,0.0
8.81,80.57,1,1,False,,Unnamed Facility,3.7816388534793206,Wildfire,4.76,4.76,343.08,0.0,0.0
8.81,80.58,1,1,False,,Unnamed Facility,4.813415767424872,Wildfire,6.13,6.13,336.95,0.0,0.0
8.81,80.85,1,1,False,,Kebitigollewa Bus Depot,26.818306720081573,Wildfire,4.45,4.45,343.29,0.0,0.0
8.81,81.0,1,3,False,,Eastern Salt Corporation,16.163913569009033,Wildfire,9.27,9.27,352.52,0.0,0.0
8.82,81.0,1,1,False,,Eastern Salt Corporation,16.544492101078927,Wildfire,5.32,5.32,343.31,0.0,0.0
8.83,80.47,1,1,False,,Unnamed Facility,7.713984496259495,Wildfire,5.31,5.31,342.51,0.0,0.0
8.83,80.86,1,1,False,,Kebitigollewa Bus Depot,29.166953197844343,Wildfire,3.26,3.26,333.62,0.0,0.0
8.83,80.99,1,1,False,,Eastern Salt Corporation,18.000871362910157,Wildfire,3.73,3.73,334.29,0.0,0.0
8.84,80.45,1,1,False,,Unnamed Facility,10.06448651311386,Wildfire,4.07,4.07,336.37,0.0,0.0
8.85,77.7,1,1,False,,Unnamed Facility,4.193739183972655,Wildfire,22.48,22.48,345.51,0.0,0.0
8.85,80.33,1,1,False,,Vavunia Apparels,17.706141922830522,Wildfire,13.35,13.35,342.91,0.0,0.0
8.85,80.74,1,2,False,,Unnamed Facility,22.51707822853465,Wildfire,11.03,14.2,342.33500000000004,4.483056992722711,0.0
8.87,80.74,1,1,False,,Unnamed Facility,22.905912677119787,Wildfire,2.97,2.97,338.98,0.0,0.0
8.88,80.66,1,1,False,,Unnamed Facility,14.798292983005965,Wildfire,6.01,6.01,330.16,0.0,0.0
8.89,77.41,1,1,False,,Unnamed Facility,10.209281160122014,Wildfire,5.49,5.49,339.72,0.0,0.0
8.89,80.59,1,1,False,,Unnamed Facility,9.239870582075826,Wildfire,11.58,11.58,339.2,0.0,0.0
8.89,80.86,1,1,False,,Eastern Salt Corporation,33.92034874362798,Wildfire,4.77,4.77,335.51,0.0,0.0
8.9,80.88,1,2,False,,Eastern Salt Corporation,32.407085227168096,Wildfire,5.220000000000001,5.99,332.21500000000003,1.0889444430272828,0.0
8.91,80.88,1,2,False,,Eastern Salt Corporation,32.93817012248691,Wildfire,15.114999999999998,19.97,345.08,6.866006845321375,0.0
8.92,80.45,1,1,False,,Unnamed Facility,14.54330707703598,Wildfire,6.67,6.67,345.28,0.0,0.0
8.92,80.54,1,1,False,,Unnamed Facility,10.643087074674252,Wildfire,7.21,7.21,334.74,0.0,0.0
8.92,80.69,1,1,False,,Unnamed Facility,19.866296257636822,Wildfire,9.06,9.06,344.67,0.0,0.0
8.92,80.79,1,1,False,,Unnamed Facility,29.855883889024824,Wildfire,1.96,1.96,330.56,0.0,0.0
8.92,80.88,1,1,False,,Eastern Salt Corporation,33.49775800642684,Wildfire,4.03,4.03,348.17,0.0,0.0
8.93,77.47,1,1,False,,Unnamed Facility,9.072395920926336,Wildfire,2.97,2.97,336.21,0.0,0.0
8.93,80.78,1,1,False,,Unnamed Facility,29.24859196116168,Wildfire,6.77,6.77,349.29,0.0,0.0
8.93,80.79,1,1,False,,Unnamed Facility,30.27009117645353,Wildfire,4.77,4.77,336.19,0.0,0.0
8.94,77.83,1,1,True,Unnamed Facility,Unnamed Facility,0.6693553636340105,Gas Flare,7.77,7.77,339.25,0.0,0.0
8.94,80.38,1,1,False,,Unnamed Facility,21.87860157699144,Wildfire,5.81,5.81,346.45,0.0,0.0
8.94,80.78,1,3,False,,Unnamed Facility,29.71291993542045,Wildfire,6.1433333333333335,6.32,344.91333333333336,0.30599564267050167,0.0
8.94,80.89,2,3,False,,Eastern Salt Corporation,33.78283886848995,Wildfire,6.6433333333333335,10.05,337.28333333333336,2.953122641092533,0.0
8.95,80.46,1,1,False,,Unnamed Facility,16.517688993799958,Wildfire,3.53,3.53,330.71,0.0,0.0
8.95,80.81,1,1,False,,Unnamed Facility,33.20423774455114,Wildfire,4.81,4.81,330.28,0.0,0.0
8.95,80.87,1,1,False,,Eastern Salt Corporation,36.24267797112895,Wildfire,4.19,4.19,333.82,0.0,0.0
8.96,80.58,1,1,False,,Unnamed Facility,15.759647405650258,Wildfire,20.83,20.83,345.88,0.0,0.0
8.96,80.59,1,1,False,,Unnamed Facility,16.115443761332365,Wildfire,4.33,4.33,342.29,0.0,0.0
8.96,80.77,1,1,False,,Unnamed Facility,29.77760452242687,Wildfire,4.13,4.13,340.4,0.0,0.0
8.96,80.88,1,1,False,,Eastern Salt Corporation,35.993546319265384,Wildfire,4.8,4.8,335.18,0.0,0.0
8.97,80.38,1,1,False,,Unnamed Facility,23.992557578404465,Wildfire,3.75,3.75,336.94,0.0,0.0
8.97,80.59,1,1,False,,Unnamed Facility,17.161107016440823,Wildfire,7.85,7.85,331.35,0.0,0.0
8.97,80.82,1,1,False,,Unnamed Facility,35.18319982337608,Wildfire,8.32,8.32,332.21,0.0,0.0
8.97,80.89,1,1,False,,Eastern Salt Corporation,35.81179654024181,Wildfire,4.81,4.81,340.97,0.0,0.0
8.98,80.59,1,2,False,,Unnamed Facility,18.214623871414588,Wildfire,10.825,12.24,346.98,2.001112190757929,0.0
8.98,80.79,1,1,False,,Unnamed Facility,32.83130274821085,Wildfire,10.07,10.07,330.64,0.0,0.0
8.98,80.83,1,2,False,,Unnamed Facility,36.68536787396811,Wildfire,5.9,7.59,338.685,2.3900209204105307,0.0
9.0,80.66,1,1,False,,Unnamed Facility,23.714054942223424,Wildfire,10.73,10.73,339.29,0.0,0.0
9.0,80.78,1,1,False,,Unnamed Facility,33.15196218244138,Wildfire,7.0,7.0,342.03,0.0,0.0
9.0,80.81,1,1,False,,Unnamed Facility,35.90078060340074,Wildfire,5.24,5.24,350.01,0.0,0.0
9.04,80.45,1,1,False,,Unnamed Facility,25.953267612367448,Wildfire,5.52,5.52,332.04,0.0,0.0
9.08,80.41,1,1,False,,Unnamed Facility,26.188432798930048,Wildfire,2.15,2.15,336.87,0.0,0.0
9.08,80.47,1,1,False,,Unnamed Facility,27.288026750400125,Wildfire,3.71,3.71,342.27,0.0,0.0
9.1,77.46,1,2,False,,Unnamed Facility,11.319253713129326,Wildfire,1.4649999999999999,1.47,333.05,0.007071067811865403,0.0
9.1,80.49,1,1,False,,Unnamed Facility,25.934194372375533,Wildfire,4.45,4.45,331.95,0.0,0.0
9.18,77.53,1,1,False,,Unnamed Facility,8.037602846893677,Wildfire,2.66,2.66,333.26,0.0,0.0
9.18,78.23,1,2,False,,Unnamed Facility,11.690352201698946,Wildfire,10.26,10.26,339.75,0.0,0.0
9.2,77.64,1,1,False,,Unnamed Facility,9.016630118056488,Wildfire,19.15,19.15,345.47,0.0,0.0
9.21,80.63,1,1,False,,'Modern Rice Mill',18.818935413436183,Wildfire,2.25,2.25,330.65,0.0,0.0
9.22,80.32,2,2,False,,Unnamed Facility,13.863817495934937,Wildfire,5.494999999999999,8.53,332.68499999999995,4.2921381618023435,0.0
9.22,80.67,1,1,False,,'Modern Rice Mill',19.847264397984627,Wildfire,3.32,3.32,336.31,0.0,0.0
9.23,78.75,1,1,False,,Unnamed Facility,16.150909525314308,Wildfire,2.59,2.59,337.36,0.0,0.0
9.24,77.46,1,1,False,,Unnamed Facility,6.916147695032019,Wildfire,6.7,6.7,367.0,0.0,0.0
9.26,80.72,1,1,False,,Unnamed Facility,19.85666257196097,Wildfire,7.59,7.59,334.7,0.0,0.0
9.31,78.8,1,1,False,,Unnamed Facility,6.751410647013158,Wildfire,4.62,4.62,340.57,0.0,0.0
9.33,77.7,1,1,False,,Unnamed Facility,5.452561603418725,Wildfire,7.2,7.2,346.22,0.0,0.0
9.34,76.6,1,1,False,,thappurackal chicken center,2.7455434482177665,Wildfire,2.02,2.02,331.72,0.0,0.0
9.34,77.67,1,1,False,,Unnamed Facility,3.9193453422983193,Wildfire,1.47,1.47,336.37,0.0,0.0
9.35,77.67,1,2,False,,Unnamed Facility,2.8548517937791287,Wildfire,1.7999999999999998,2.13,339.54499999999996,0.46669047558312127,0.0
9.35,78.82,1,1,False,,Unnamed Facility,3.970910501864625,Wildfire,7.49,7.49,340.93,0.0,0.0
9.38,80.32,1,1,False,,Unnamed Facility,11.471089134449826,Wildfire,8.4,8.4,337.54,0.0,0.0
9.38,80.43,1,1,False,,Unnamed Facility,7.034730559054858,Wildfire,7.48,7.48,341.92,0.0,0.0
9.38,80.52,2,2,False,,Unnamed Facility,4.182196964279787,Wildfire,5.545,7.72,335.115,3.0759144981614814,0.0
9.39,78.89,1,1,False,,Unnamed Facility,2.7844663600053505,Wildfire,4.57,4.57,340.06,0.0,0.0
9.39,80.47,1,1,False,,Unnamed Facility,4.144199975866307,Wildfire,3.04,3.04,337.53,0.0,0.0
9.4,80.45,1,2,False,,Unnamed Facility,6.3884688327666845,Wildfire,5.17,5.48,335.46500000000003,0.43840620433565924,0.0
9.4,80.46,1,1,False,,Unnamed Facility,5.684331500745921,Wildfire,3.23,3.23,345.83,0.0,0.0
9.41,80.43,1,1,False,,Unnamed Facility,8.764415914707934,Wildfire,1.79,1.79,340.91,0.0,0.0
9.41,80.46,1,1,False,,Unnamed Facility,6.625229886464169,Wildfire,1.4,1.4,333.53,0.0,0.0
9.41,80.58,1,2,False,,Unnamed Facility,3.1456066304630936,Wildfire,3.0549999999999997,3.4,332.625,0.4879036790187179,0.0
9.42,80.46,1,2,False,,Unnamed Facility,7.612396457681611,Wildfire,1.275,1.47,333.725,0.27577164466275356,0.0
9.45,80.5,1,1,False,,Unnamed Facility,10.279857293730844,Wildfire,9.87,9.87,348.6,0.0,0.0
9.46,80.48,1,1,False,,Unnamed Facility,11.37161407042759,Wildfire,3.36,3.36,336.28,0.0,0.0
9.48,78.22,1,1,True,Unnamed Facility,Unnamed Facility,1.2416768318517335,Gas Flare,3.12,3.12,334.78,0.0,0.0
9.53,78.65,1,1,False,,Unnamed Facility,3.5697120165633365,Wildfire,10.55,10.55,358.03,0.0,0.0
9.56,78.24,1,1,False,,Tiruchuli,4.43235296543055,Wildfire,2.76,2.76,336.71,0.0,0.0
9.62,77.48,1,1,False,,Venniar Tea Factory,17.905643718105072,Wildfire,5.38,5.38,330.24,0.0,0.0
9.62,78.12,1,1,False,,Unnamed Facility,7.458711761068133,Wildfire,10.24,10.24,340.95,0.0,0.0
9.63,80.33,1,1,False,,Tokyo Cement Batching Plant,9.070774192139815,Wildfire,2.0,2.0,332.14,0.0,0.0
9.69,77.82,1,1,True,Unnamed Facility,Unnamed Facility,0.218848702432214,Gas Flare,4.64,4.64,340.85,0.0,0.0
9.76,79.02,1,1,False,,Unnamed Facility,14.35317724585224,Wildfire,1.74,1.74,333.28,0.0,0.0
9.76,80.19,1,1,False,,Unnamed Facility,4.781873286843659,Wildfire,4.1,4.1,341.75,0.0,0.0
9.78,77.52,1,1,False,,Unnamed Facility,19.98970185892853,Wildfire,10.03,10.03,340.9,0.0,0.0
9.78,80.19,1,1,False,,Unnamed Facility,6.227952408865211,Wildfire,3.52,3.52,340.77,0.0,0.0
9.84,77.44,1,2,False,,Unnamed Facility,11.62404709546903,Wildfire,1.695,2.31,331.94,0.8697413408594534,0.0
9.94,77.49,1,1,False,,Unnamed Facility,4.800895417624865,Wildfire,0.6,0.6,308.54,0.0,1.0
9.95,77.49,1,1,False,,Unnamed Facility,4.818881923129244,Wildfire,0.47,0.47,305.53,0.0,1.0
9.96,79.1,1,1,False,,Unnamed Facility,29.405733799456307,Wildfire,2.64,2.64,336.23,0.0,0.0
9.96,79.11,1,1,False,,Unnamed Facility,30.27526107185267,Wildfire,2.39,2.39,342.39,0.0,0.0
10.13,79.13,1,1,False,,Unnamed Facility,22.98202961635054,Wildfire,5.25,5.25,332.12,0.0,0.0
10.17,78.79,1,1,False,,Unnamed Facility,4.992653083629614,Wildfire,8.56,8.56,331.56,0.0,0.0
10.17,78.8,1,1,False,,Unnamed Facility,5.7441050930875255,Wildfire,6.42,6.42,335.48,0.0,0.0
10.27,77.25,1,3,False,,Unnamed Facility,17.235619086755342,Wildfire,8.833333333333334,13.47,355.89000000000004,4.552475517049304,0.0
10.27,77.26,1,2,False,,Unnamed Facility,16.736498163600473,Wildfire,10.71,13.47,352.97,3.9032294321497427,0.0
10.28,78.88,1,1,False,,Unnamed Facility,9.78765955330781,Wildfire,2.52,2.52,334.67,0.0,0.0
10.31,79.34,1,1,False,,Thasim Rice Mil,5.586421583858575,Wildfire,2.09,2.09,330.68,0.0,0.0
10.42,79.25,1,2,False,,Thasim Rice Mil,17.295166518465553,Wildfire,8.75,10.43,345.445,2.3758787847867993,0.0
10.43,79.25,1,1,False,,Thasim Rice Mil,17.90876753412978,Wildfire,7.07,7.07,344.95,0.0,0.0
10.44,77.51,1,1,True,Unnamed Facility,Unnamed Facility,1.479429189155644,Gas Flare,0.44,0.44,308.74,0.0,1.0
10.54,79.22,1,1,False,,Unnamed Facility,9.507473095470251,Wildfire,5.35,5.35,346.01,0.0,0.0
10.62,77.42,3,3,True,Unnamed Facility,Unnamed Facility,1.684370680824138,Gas Flare,0.5366666666666667,0.67,306.51,0.22233608194203056,1.0
10.62,77.5,1,1,False,,Unnamed Facility,6.566793010433493,Wildfire,0.82,0.82,308.59,0.0,1.0
10.66,77.38,1,1,False,,Unnamed Facility,3.08920218051025,Wildfire,4.96,4.96,330.62,0.0,0.0
10.71,79.43,1,1,False,,Unnamed Facility,4.650371443091779,Wildfire,6.82,6.82,341.49,0.0,0.0
10.76,79.56,1,1,False,,Unnamed Facility,3.853160706817489,Wildfire,4.29,4.29,335.07,0.0,0.0
10.79,79.03,1,1,False,,Waste Water Treatment Plant,7.137362702350781,Wildfire,10.43,10.43,340.12,0.0,0.0
10.83,78.83,1,1,False,,Unnamed Facility,4.142292041541675,Wildfire,2.11,2.11,313.7,0.0,1.0
10.83,79.18,1,1,False,,Central Warehouse Corporation,10.217443669966942,Wildfire,2.98,2.98,332.25,0.0,0.0
10.83,79.19,1,1,False,,Central Warehouse Corporation,10.983180283500731,Wildfire,2.98,2.98,346.57,0.0,0.0
10.86,78.95,1,1,False,,Unnamed Facility,7.5815633790792,Wildfire,4.71,4.71,341.88,0.0,0.0
10.88,79.25,1,1,False,,Welding Shop,9.005586440624809,Wildfire,2.99,2.99,338.54,0.0,0.0
10.91,77.42,1,1,False,,Unnamed Facility,5.128644207783891,Wildfire,0.84,0.84,305.74,0.0,1.0
10.93,77.07,1,1,False,,Unnamed Facility,2.0169585499871245,Wildfire,3.75,3.75,339.03,0.0,0.0
10.99,78.22,1,1,False,,Unnamed Facility,5.073354223408787,Wildfire,4.83,4.83,341.16,0.0,0.0
11.01,77.13,1,1,True,Unnamed Facility,Unnamed Facility,1.1974515675097486,Gas Flare,7.94,7.94,345.45,0.0,0.0
11.17,79.59,1,1,False,,Lanco Tanjore Power Plant,8.665225510943756,Wildfire,5.67,5.67,330.7,0.0,0.0
11.19,79.82,1,1,False,,Pillaiperumalnallur Gas Power Plant,12.91426841104438,Wildfire,6.32,6.32,338.01,0.0,0.0
11.27,80.0,1,1,False,,Unnamed Facility,27.29523403831348,Wildfire,1.08,1.08,321.1,0.0,1.0
11.42,77.48,1,1,False,,Coirmedia,4.900449060113612,Wildfire,0.82,0.82,312.92,0.0,1.0
11.45,79.55,1,1,True,Unnamed Facility,Unnamed Facility,0.2559279519554616,Gas Flare,6.1,6.1,331.28,0.0,0.0
11.48,77.62,1,2,False,,Unnamed Facility,5.304175255657665,Wildfire,0.6799999999999999,0.77,299.64,0.12727922061357863,1.0
11.49,78.88,1,1,True,Unnamed Facility,Unnamed Facility,0.3367774358554398,Gas Flare,4.68,4.68,338.67,0.0,0.0
11.56,77.71,1,1,False,,Lower Mettur Barrage III Power House,3.936667414709528,Wildfire,0.52,0.52,302.5,0.0,1.0
11.57,79.64,1,1,False,,Unnamed Facility,3.2778466869545,Wildfire,1.41,1.41,335.47,0.0,0.0
11.64,77.66,1,1,False,,Unnamed Facility,8.199090775503464,Wildfire,2.4,2.4,327.2,0.0,1.0
11.72,76.97,1,1,False,,Unnamed Facility,21.904672461197112,Wildfire,1.32,1.32,307.81,0.0,1.0
11.72,79.2,1,1,False,,IOCL Asanur,11.970135112247794,Wildfire,6.98,6.98,330.28,0.0,0.0
11.72,79.21,1,1,False,,IOCL Asanur,12.144544213292546,Wildfire,4.97,4.97,333.78,0.0,0.0
11.73,76.77,1,1,False,,Moyar Hydroelectric Power Station,15.525932237873027,Wildfire,6.41,6.41,338.02,0.0,0.0
11.77,76.94,1,2,False,,Unnamed Facility,16.106285616855118,Wildfire,0.87,0.87,305.335,0.0,1.0
11.81,79.63,1,1,False,,EID Parry & Company,6.000818414665663,Wildfire,3.95,3.95,335.58,0.0,0.0
11.82,77.92,1,1,True,JSW Steel Plant,JSW Steel Plant,0.6449436455612516,Gas Flare,1.54,1.54,307.02,0.0,1.0
11.86,78.73,1,1,False,,Chilling Plant,6.776129368412113,Wildfire,2.96,2.96,330.2,0.0,0.0
11.89,78.72,1,1,False,,Chilling Plant,7.597731796288016,Wildfire,1.26,1.26,333.36,0.0,0.0
11.91,78.92,1,1,False,,Kallakurichi Coop Sugar Mills,17.90459187868248,Wildfire,4.43,4.43,337.28,0.0,0.0
11.96,78.8,1,2,False,,Chilling Plant,19.40579311948192,Wildfire,5.664999999999999,7.02,333.91499999999996,1.916259377015544,0.0
12.05,78.37,1,1,False,,Unnamed Facility,14.433806623573398,Wildfire,4.2,4.2,333.87,0.0,0.0
12.06,77.02,1,1,False,,T.N.Pura,6.616010481398137,Wildfire,2.86,2.86,330.93,0.0,0.0
12.09,76.79,1,1,False,,Unnamed Facility,3.3168978608257764,Wildfire,0.63,0.63,302.15,0.0,1.0
12.09,76.8,1,1,False,,Unnamed Facility,3.455618798454877,Wildfire,0.55,0.55,301.72,0.0,1.0
12.09,79.03,1,1,False,,Kallakurichi Coop Sugar Mills,7.184672714121058,Wildfire,3.38,3.38,338.07,0.0,0.0
12.1,76.79,1,1,False,,Bannari Amman,3.339437803258245,Wildfire,0.66,0.66,305.69,0.0,1.0
12.1,76.8,1,1,False,,Bannari Amman,4.439282759195401,Wildfire,0.49,0.49,302.32,0.0,1.0
12.1,77.06,1,1,False,,T.N.Pura,12.1681011090893,Wildfire,3.63,3.63,331.42,0.0,0.0
12.6,76.35,1,1,False,,Unnamed Facility,11.794715113721637,Wildfire,1.17,1.17,330.43,0.0,0.0
12.63,79.35,1,1,False,,Unnamed Facility,7.213733823945134,Wildfire,2.88,2.88,333.59,0.0,0.0
12.63,79.79,1,1,False,,Unnamed Facility,4.437705457902137,Wildfire,1.63,1.63,308.38,0.0,1.0
12.69,79.23,1,1,False,,Unnamed Facility,7.852162154882681,Wildfire,5.0,5.0,330.03,0.0,0.0
12.74,77.62,2,2,True,Unnamed Facility,Unnamed Facility,0.6365627667449818,Gas Flare,0.575,0.82,303.82000000000005,0.3464823227814082,1.0
12.75,92.88,1,1,False,,Unnamed Facility,10.325851073461102,Wildfire,2.49,2.49,332.85,0.0,0.0
12.81,77.76,1,1,False,,Unnamed Facility,2.153573793384796,Wildfire,3.52,3.52,332.58,0.0,0.0
12.81,79.96,1,1,False,,Unnamed Facility,3.233080904333912,Wildfire,4.06,4.06,332.32,0.0,0.0
12.84,79.94,1,1,True,Renault Nissan,Renault Nissan,0.527196156921601,Gas Flare,5.26,5.26,334.31,0.0,0.0
12.86,79.94,1,2,True,Unnamed Facility,Unnamed Facility,0.3228309811948297,Gas Flare,3.625,4.58,331.255,1.3505739520663058,0.0
12.87,80.07,1,1,True,Unnamed Facility,Unnamed Facility,0.9977624974255888,Gas Flare,1.57,1.57,330.58,0.0,0.0
12.93,76.33,1,1,False,,Unnamed Facility,6.018699716783796,Wildfire,4.73,4.73,335.18,0.0,0.0
13.14,79.26,1,1,False,,Unnamed Facility,8.562697797016202,Wildfire,1.48,1.48,336.42,0.0,0.0
13.16,80.28,2,3,True,Unnamed Facility,Unnamed Facility,0.8378968505987712,Gas Flare,1.8466666666666667,1.99,307.9533333333333,0.1908751773629388,1.0
13.16,80.29,1,2,True,Unnamed Facility,Unnamed Facility,0.4321982154379964,Gas Flare,1.7950000000000002,2.49,319.42,0.9828784258493012,1.0
13.29,78.12,1,1,False,,Unnamed Facility,12.49303252909412,Wildfire,2.95,2.95,330.13,0.0,0.0
13.3,80.07,1,2,True,Unnamed Facility,Unnamed Facility,1.2021529306561891,Gas Flare,3.305,4.15,331.1,1.1950104602052656,0.0
13.34,77.91,1,1,False,,Unnamed Facility,2.337011803849985,Wildfire,4.79,4.79,341.01,0.0,0.0
13.39,78.55,1,1,False,,"APSRTC Bus Depot , Punganur",3.1150136084004805,Wildfire,1.87,1.87,346.49,0.0,0.0
13.39,78.56,1,1,False,,"APSRTC Bus Depot , Punganur",2.748597471991255,Wildfire,2.84,2.84,336.72,0.0,0.0
13.39,80.08,1,1,True,Unnamed Facility,Unnamed Facility,0.501513256637879,Gas Flare,0.57,0.57,307.2,0.0,1.0
13.39,80.1,1,1,True,Unnamed Facility,Unnamed Facility,0.9731554087224712,Gas Flare,0.59,0.59,304.24,0.0,1.0
13.42,75.98,1,1,False,,Unnamed Facility,18.52037119340938,Wildfire,0.73,0.73,306.9,0.0,1.0
13.67,78.36,1,1,False,,Unnamed Facility,9.84204725672759,Wildfire,3.12,3.12,333.98,0.0,0.0
13.71,79.62,2,2,True,Unnamed Facility,Unnamed Facility,1.407101181962381,Gas Flare,1.18,1.7,306.71000000000004,0.7353910524340093,1.0
13.77,76.63,1,1,False,,Unnamed Facility,9.368158692409551,Wildfire,3.36,3.36,334.36,0.0,0.0
13.87,79.33,1,1,False,,Sri Varsha Food Products India ltd. (Maaza Juice Factory),8.724759325470515,Wildfire,4.15,4.15,333.82,0.0,0.0
13.89,77.38,1,1,False,,Unnamed Facility,6.471775543191944,Wildfire,8.42,8.42,347.76,0.0,0.0
13.9,76.56,2,2,True,Unnamed Facility,Unnamed Facility,0.658447329230921,Gas Flare,0.935,1.25,307.85,0.4454772721475249,1.0
13.91,78.07,1,1,False,,Unnamed Facility,12.393895474764609,Wildfire,1.75,1.75,335.38,0.0,0.0
13.93,78.32,1,2,False,,Ahalia Arkha Solar Power Private Limited,15.616010018336794,Wildfire,5.705,5.9,343.28499999999997,0.27577164466275395,0.0
13.98,78.95,1,1,False,,Unnamed Facility,11.626577185234437,Wildfire,7.01,7.01,345.01,0.0,0.0
13.99,78.45,1,1,False,,Unnamed Facility,3.89221699889111,Wildfire,5.97,5.97,339.2,0.0,0.0
14.04,80.13,1,1,True,Unnamed Facility,Unnamed Facility,1.606900961435475,Gas Flare,6.22,6.22,345.5,0.0,0.0
14.07,79.44,1,1,False,,Unnamed Facility,12.603660090857456,Wildfire,5.39,5.39,339.09,0.0,0.0
14.15,77.59,1,2,False,,Unnamed Facility,2.4540791987486874,Wildfire,1.5899999999999999,2.02,312.74,0.608111831820431,1.0
14.21,79.23,1,1,False,,"APSRTC Bus Depot , Rajampeta",8.481760804983361,Wildfire,9.3,9.3,348.93,0.0,0.0
14.28,76.64,1,1,False,,Unnamed Facility,9.05605579898903,Wildfire,4.58,4.58,339.44,0.0,0.0
14.3,77.58,1,1,False,,Unnamed Facility,14.530067141671488,Wildfire,4.19,4.19,330.2,0.0,0.0
14.3,79.05,1,1,False,,"APSRTC Bus Depot , Rajampeta",16.159015762833402,Wildfire,9.37,9.37,351.03,0.0,0.0
14.36,78.78,1,2,False,,Gas storage,11.682723937240816,Wildfire,2.88,2.88,314.73,0.0,1.0
14.47,77.34,1,1,False,,Kambadur,17.515632268108988,Wildfire,5.56,5.56,338.22,0.0,0.0
14.48,77.53,1,1,False,,Unnamed Facility,6.803539565820397,Wildfire,5.12,5.12,333.85,0.0,0.0
14.53,79.06,1,1,False,,Unnamed Facility,18.26355502183652,Wildfire,4.51,4.51,341.72,0.0,0.0
14.55,77.49,1,1,False,,Unnamed Facility,6.631591258778252,Wildfire,2.5,2.5,330.23,0.0,0.0
14.57,79.94,1,3,False,,Unnamed Facility,3.836705840412377,Wildfire,8.706666666666665,12.86,336.51,3.596892177051368,0.0
14.59,76.57,1,1,False,,Unnamed Facility,5.890088371638015,Wildfire,2.28,2.28,333.14,0.0,0.0
14.59,78.58,1,1,True,Unnamed Facility,Unnamed Facility,0.2926591333010713,Gas Flare,0.52,0.52,298.19,0.0,1.0
14.61,78.52,1,1,True,Unnamed Facility,Unnamed Facility,0.5208596220862328,Gas Flare,1.9,1.9,308.55,0.0,1.0
14.65,75.44,1,1,False,,Unnamed Facility,8.494458039183355,Wildfire,4.6,4.6,340.81,0.0,0.0
14.67,79.0,1,1,False,,"APSRTC Bus Depot , Badvel",10.134081431245225,Wildfire,3.54,3.54,341.44,0.0,0.0
14.67,79.77,1,1,False,,"APSRTC Bus Depot , Atmakur (N)",17.36631959740643,Wildfire,3.1,3.1,337.69,0.0,0.0
14.69,79.74,1,2,False,,"APSRTC Bus Depot , Atmakur (N)",15.1347904919443,Wildfire,6.04,6.04,343.625,0.0,0.0
14.77,77.05,1,1,False,,Veerapuram,11.002724405001317,Wildfire,5.72,5.72,346.38,0.0,0.0
14.78,79.66,1,1,False,,Unnamed Facility,16.650478068851147,Wildfire,4.63,4.63,331.62,0.0,0.0
14.78,79.8,1,1,False,,BMR shrimp processing plant,21.79643012599087,Wildfire,25.68,25.68,353.09,0.0,0.0
14.87,78.05,1,1,True,Arjas Steel Plant,Arjas Steel Plant,0.7783367648849236,Gas Flare,2.49,2.49,313.86,0.0,1.0
14.88,78.05,1,1,True,Arjas Steel Plant,Arjas Steel Plant,0.729056468875156,Gas Flare,1.34,1.34,303.35,0.0,1.0
14.89,79.23,2,2,False,,"APSRTC Bus Depot, Udayagiri",7.727015340318778,Wildfire,8.725,9.19,342.645,0.657609306503489,0.0
14.9,77.5,1,1,False,,Unnamed Facility,20.642264881403825,Wildfire,7.0,7.0,342.54,0.0,0.0
14.95,75.19,1,1,True,Jakkanakatti,Jakkanakatti,1.674810768729914,Gas Flare,2.89,2.89,333.16,0.0,0.0
14.96,75.92,1,1,False,,KSRTC Depot,6.698995888516063,Wildfire,2.59,2.59,334.21,0.0,0.0
14.96,79.64,1,2,False,,Unnamed Facility,12.778047110675056,Wildfire,7.63,7.63,341.12,0.0,0.0
15.02,78.01,1,1,True,Ultratech Cement Limited,Ultratech Cement Limited,0.5096075047960658,Gas Flare,2.19,2.19,314.99,0.0,1.0
15.02,78.02,1,1,True,Ultratech Cement Limited,Ultratech Cement Limited,0.6092831038038965,Gas Flare,2.21,2.21,309.76,0.0,1.0
15.05,77.11,1,1,False,,Unnamed Facility,13.00397242670596,Wildfire,3.63,3.63,337.92,0.0,0.0
15.07,76.86,1,1,True,Unnamed Facility,Unnamed Facility,0.8046398741085554,Gas Flare,1.91,1.91,303.44,0.0,1.0
15.07,76.87,3,3,True,Unnamed Facility,Unnamed Facility,0.2377141591091587,Gas Flare,1.36,2.19,301.6466666666667,0.97923439482077,1.0
15.09,77.32,2,2,False,,"APSRTC Bus Depot , Guntakal",8.970509040038655,Wildfire,7.3149999999999995,7.62,339.72,0.4313351365237939,0.0
15.12,94.78,1,2,False,,Unnamed Facility,85.23064775528798,Wildfire,2.34,2.34,307.945,0.0,1.0
15.13,94.78,1,2,False,,Unnamed Facility,84.23655689331804,Wildfire,2.13,2.13,307.405,0.0,1.0
15.14,76.71,1,1,True,Metallurgical Products India Pvt Ltd,Metallurgical Products India Pvt Ltd,0.1685403614346211,Gas Flare,1.14,1.14,307.17,0.0,1.0
15.16,78.87,1,1,False,,"APSRTC Bus Depot, Giddalur",25.14944712942283,Wildfire,3.6,3.6,337.1,0.0,0.0
15.17,76.38,3,6,True,Danapuram BMM Captive Power Plant 1,Danapuram BMM Captive Power Plant 1,0.3461334377772367,Gas Flare,2.1683333333333334,5.59,311.7683333333334,1.7378540406681644,0.8333333333333334
15.17,76.66,2,5,True,Jindal Steel Works,Jindal Steel Works,1.676723345369218,Gas Flare,2.402,5.73,318.866,2.1003618735827407,0.6
15.17,76.67,1,2,True,Jindal Steel Works,Jindal Steel Works,1.312290103263711,Gas Flare,0.73,0.73,306.02,0.0,1.0
15.17,76.68,1,1,True,Unnamed Facility,Unnamed Facility,1.597388938616586,Gas Flare,1.17,1.17,305.76,0.0,1.0
15.17,76.69,2,2,False,,Unnamed Facility,2.2624806450149246,Wildfire,1.525,2.3,309.675,1.0960155108391485,1.0
15.17,76.79,1,1,True,Agarwal Sponge Iron,Agarwal Sponge Iron,0.617494287604707,Gas Flare,2.58,2.58,305.64,0.0,1.0
15.18,76.64,1,1,False,,Vijayanagar Toranagallu Power Station,2.802759671687565,Wildfire,3.59,3.59,333.96,0.0,0.0
15.18,76.65,2,2,True,Vijayanagar Toranagallu Power Station,Vijayanagar Toranagallu Power Station,1.7283266344459272,Gas Flare,1.34,2.02,307.255,0.9616652224137046,1.0
15.18,76.66,3,10,True,Vijayanagar Toranagallu Power Station,Vijayanagar Toranagallu Power Station,0.7691725916396359,Gas Flare,2.439,5.16,318.43,1.448358841355737,0.7
15.18,76.67,3,8,True,Jindal Steel Works,Jindal Steel Works,0.2093987327496614,Gas Flare,2.13375,4.48,314.015,1.3113889855525596,0.875
15.18,76.68,2,3,True,Jindal Steel Works,Jindal Steel Works,1.1947444537622631,Gas Flare,1.6166666666666665,2.25,311.0933333333333,0.5660683115431682,1.0
15.18,77.1,4,5,True,Unnamed Facility,Unnamed Facility,0.5415408127744822,Gas Flare,2.1020000000000003,4.86,304.058,1.7216765085230152,1.0
15.19,76.32,1,2,False,,Danapuram BMM Captive Power Plant 1,6.689915816752484,Wildfire,3.1999999999999997,5.01,322.53499999999997,2.559726547895302,0.5
15.19,76.65,1,1,True,Vijayanagar Toranagallu Power Station,Vijayanagar Toranagallu Power Station,1.722069936758326,Gas Flare,1.58,1.58,306.13,0.0,1.0
15.19,76.66,1,1,True,Vijayanagar Toranagallu Power Station,Vijayanagar Toranagallu Power Station,0.7550088658295835,Gas Flare,0.98,0.98,303.92,0.0,1.0
15.23,76.76,2,3,True,Shatavahana Kudatini Steels,Shatavahana Kudatini Steels,0.7668000098419461,Gas Flare,0.8300000000000001,1.06,304.6433333333334,0.3983716857408418,1.0
15.23,76.77,2,2,True,Shatavahana Kudatini Steels,Shatavahana Kudatini Steels,0.7878126469132357,Gas Flare,4.329999999999999,8.29,317.015,5.600285706997456,0.5
15.3,76.22,2,2,True,Unnamed Facility,Unnamed Facility,0.3129912792341891,Gas Flare,0.62,0.72,304.24,0.14142135623730948,1.0
15.31,76.25,1,1,False,,Hospet Steels,2.863609755603092,Wildfire,0.61,0.61,302.96,0.0,1.0
15.33,76.29,3,3,True,Unnamed Facility,Unnamed Facility,1.064436550066134,Gas Flare,1.0766666666666667,1.32,304.66,0.24006943440041123,1.0
15.34,76.25,1,1,True,Hospet Steels,Hospet Steels,0.6626897029985552,Gas Flare,1.18,1.18,303.54,0.0,1.0
15.34,76.29,1,1,True,Unnamed Facility,Unnamed Facility,0.9180199275494636,Gas Flare,0.84,0.84,312.29,0.0,1.0
15.41,80.13,1,1,False,,Rise group of institutions,9.67678687480937,Wildfire,6.1,6.1,340.46,0.0,0.0
15.45,79.13,1,1,False,,"APSRTC Bus Depot, Giddalur",23.30207912157149,Wildfire,5.98,5.98,342.13,0.0,0.0
15.53,73.99,1,1,True,Unnamed Facility,Unnamed Facility,0.5819308764789861,Gas Flare,3.12,3.12,332.48,0.0,0.0
15.55,78.13,1,1,False,,Unnamed Facility,10.532983229075906,Wildfire,3.47,3.47,338.43,0.0,0.0
15.57,78.94,1,1,False,,"APSRTC Bus Depot, Giddalur",21.465356922614767,Wildfire,3.19,3.19,332.99,0.0,0.0
15.6,79.62,1,1,True,"APSRTC Bus Depot , Podili","APSRTC Bus Depot , Podili",1.4052552099619269,Gas Flare,6.08,6.08,338.85,0.0,0.0
15.66,73.99,2,3,True,Vedanta Limited,Vedanta Limited,0.0995746818128074,Gas Flare,0.5333333333333333,0.59,304.7866666666667,0.09814954576223638,1.0
15.69,80.02,1,1,False,,Unnamed Facility,9.05188267692419,Wildfire,4.75,4.75,334.19,0.0,0.0
15.79,78.28,1,1,False,,Unnamed Facility,5.986842602785855,Wildfire,1.5,1.5,330.57,0.0,0.0
15.83,79.52,1,1,False,,"APSRTC Bus Depot , Podili",27.110349545153287,Wildfire,9.8,9.8,340.2,0.0,0.0
15.93,78.2,1,1,False,,"APSRTC Bus Depot , Nandikotkur",10.777969602671885,Wildfire,2.24,2.24,330.62,0.0,0.0
15.98,78.41,1,1,False,,Ice factory,15.789674680379209,Wildfire,3.85,3.85,334.76,0.0,0.0
16.12,79.98,1,1,False,,Unnamed Facility,10.637452250610956,Wildfire,3.29,3.29,335.62,0.0,0.0
16.18,75.15,1,1,False,,Unnamed Facility,3.029448154178368,Wildfire,7.59,7.59,337.87,0.0,0.0
16.27,78.4,1,1,False,,"TGSRTC Bus Depot , Kollapur",20.352139015646763,Wildfire,2.49,2.49,339.27,0.0,0.0
16.28,80.32,1,1,False,,KALLAM spinning mills,3.1661138012108445,Wildfire,4.93,4.93,337.8,0.0,0.0
16.36,81.29,1,1,False,,Machilipatnam Port,18.42468807027949,Wildfire,0.57,0.57,304.31,0.0,1.0
16.43,79.46,1,1,False,,Cement Factory,5.117214448311777,Wildfire,4.47,4.47,334.26,0.0,0.0
16.46,79.6,1,1,False,,Unnamed Facility,13.294047306040811,Wildfire,3.25,3.25,337.28,0.0,0.0
16.49,79.95,1,1,False,,Unnamed Facility,4.33216808137342,Wildfire,5.38,5.38,334.64,0.0,0.0
16.52,78.36,1,1,False,,Nagarkurnool Keerthi,2.5895825783516413,Wildfire,3.19,3.19,334.28,0.0,0.0
16.55,79.76,1,1,False,,Unnamed Facility,7.640150444626738,Wildfire,1.27,1.27,305.42,0.0,1.0
16.6,77.4,1,1,False,,Unnamed Facility,10.809786773163523,Wildfire,7.02,7.02,342.06,0.0,0.0
16.84,76.58,1,1,False,,Unnamed Facility,13.417620880433333,Wildfire,3.65,3.65,338.6,0.0,0.0
16.87,79.29,1,2,False,,"TGSRTC Bus Depot , Nalgonda",20.800898472978968,Wildfire,10.120000000000001,10.5,345.0,0.5374011537017765,0.0
16.88,79.99,1,1,False,,UltraTech Cement Ltd Factory,3.527103644214531,Wildfire,3.15,3.15,332.78,0.0,0.0
16.88,80.85,1,1,False,,Unnamed Facility,10.037268868642922,Wildfire,3.28,3.28,338.45,0.0,0.0
16.91,79.91,1,1,False,,Unnamed Facility,10.1468198732705,Wildfire,3.14,3.14,331.26,0.0,0.0
17.01,79.93,1,1,True,Unnamed Facility,Unnamed Facility,1.2249153738589649,Gas Flare,4.75,4.75,334.31,0.0,0.0
17.05,75.64,1,2,False,,Unnamed Facility,7.600938964878581,Wildfire,0.6499999999999999,0.7,302.96500000000003,0.07071067811865478,1.0
17.07,78.59,1,1,False,,Unnamed Facility,5.7767042039549485,Wildfire,3.91,3.91,334.67,0.0,0.0
17.14,77.18,1,1,True,Unnamed Facility,Unnamed Facility,0.7498900893986705,Gas Flare,1.56,1.56,306.26,0.0,1.0
17.14,77.19,1,1,True,Unnamed Facility,Unnamed Facility,0.6261932635621024,Gas Flare,1.68,1.68,308.39,0.0,1.0
17.25,78.81,1,1,False,,Unnamed Facility,3.719861698994648,Wildfire,4.69,4.69,332.6,0.0,0.0
17.32,82.25,1,1,False,,Unnamed Facility,14.711360914850694,Wildfire,3.74,3.74,335.47,0.0,0.0
17.42,82.34,1,2,False,,Unnamed Facility,5.658973324439259,Wildfire,2.4299999999999997,2.8,332.835,0.5232590180780452,0.0
17.46,80.65,1,1,False,,Unnamed Facility,7.819081184551264,Wildfire,0.92,0.92,307.66,0.0,1.0
17.59,80.32,1,1,True,"TGSRTC Bus Depot , Yallandu","TGSRTC Bus Depot , Yallandu",0.6849460431662053,Gas Flare,0.85,0.85,305.01,0.0,1.0
17.6,83.19,1,1,True,Unnamed Facility,Unnamed Facility,0.2938092409540043,Gas Flare,5.71,5.71,331.71,0.0,0.0
17.6,83.2,1,1,True,Unnamed Facility,Unnamed Facility,0.6972176389592005,Gas Flare,1.62,1.62,306.86,0.0,1.0
17.61,83.2,4,5,True,Unnamed Facility,Unnamed Facility,0.5760629196241915,Gas Flare,3.5340000000000003,5.27,316.782,1.3630223769256322,0.8
17.61,83.21,3,4,True,Unnamed Facility,Unnamed Facility,0.7780246357271924,Gas Flare,3.155,6.72,315.1675,2.4992999019725506,1.0
17.63,82.57,1,1,False,,"APSRTC Bus Depot , Narsipatnam",6.194893020541986,Wildfire,4.48,4.48,330.76,0.0,0.0
17.69,83.24,1,1,True,Unnamed Facility,Unnamed Facility,0.0973222191642492,Gas Flare,1.2,1.2,309.93,0.0,1.0
17.69,83.25,1,1,True,Hindustan Petroleum Corporation Limited,Hindustan Petroleum Corporation Limited,0.7614099273295722,Gas Flare,3.38,3.38,309.35,0.0,1.0
17.76,75.82,1,1,True,Suresh Organics,Suresh Organics,0.0507921884152685,Gas Flare,6.23,6.23,339.69,0.0,0.0
17.91,83.45,1,1,False,,Divi’s Laboratories Limited,4.644186759278005,Wildfire,5.26,5.26,330.09,0.0,0.0
17.96,80.8,2,2,False,,Unnamed Facility,2.9924129821588714,Wildfire,1.295,1.99,307.205,0.9828784258493012,1.0
17.97,83.15,1,1,True,Mahaamaaya Industries,Mahaamaaya Industries,0.4330708528222933,Gas Flare,0.8,0.8,307.51,0.0,1.0
18.04,74.86,1,1,False,,Unnamed Facility,7.2241356425096015,Wildfire,0.83,0.83,310.8,0.0,1.0
18.27,74.2,1,1,True,Unnamed Facility,Unnamed Facility,0.238301115710073,Gas Flare,0.84,0.84,304.38,0.0,1.0
18.31,82.38,1,1,False,,Machkund Hydro Electric (Joint) Scheme,23.080645601992856,Wildfire,2.64,2.64,333.51,0.0,0.0
18.49,74.2,1,1,True,Unnamed Facility,Unnamed Facility,1.716558683815255,Gas Flare,1.01,1.01,309.64,0.0,1.0
18.68,73.04,1,1,True,Unnamed Facility,Unnamed Facility,0.769324103364858,Gas Flare,0.89,0.89,304.1,0.0,1.0
18.69,73.04,2,3,True,JSW Ispat Steel Plant,JSW Ispat Steel Plant,0.0305928263834217,Gas Flare,2.0766666666666667,2.13,314.3566666666666,0.0923760430703401,1.0
18.7,72.34,1,1,False,,Unnamed Facility,57.63864528780852,Wildfire,1.7,1.7,327.4,0.0,0.0
18.72,79.51,1,1,False,,"TGSRTC Bus Depot , Godavarikhani",4.708603798899131,Wildfire,2.51,2.51,323.64,0.0,1.0
19.02,72.89,1,1,True,Unnamed Facility,Unnamed Facility,0.5338442643245861,Gas Flare,4.9,4.9,332.56,0.0,0.0
19.09,82.17,2,3,True,NMDC I&S Plant Nagarnar,NMDC I&S Plant Nagarnar,0.2026264554939469,Gas Flare,1.1566666666666665,1.22,303.88000000000005,0.10115993936995665,1.0
19.1,82.16,2,2,True,Nagarnar Steel Plant,Nagarnar Steel Plant,1.1342953388255737,Gas Flare,1.4700000000000002,1.6,323.875,0.1838477631085023,1.0
19.1,82.17,5,16,True,Nagarnar Steel Plant,Nagarnar Steel Plant,1.0381322194230598,Gas Flare,2.79,7.63,316.828125,1.959588392154502,0.75
19.28,71.43,1,1,False,,Unnamed Facility,150.53482937897664,Wildfire,0.66,0.66,307.88,0.0,1.0
19.33,83.43,1,1,True,Indian Metals & Ferro Alloys Limited,Indian Metals & Ferro Alloys Limited,0.3529856675572532,Gas Flare,3.33,3.33,334.55,0.0,0.0
19.82,79.24,1,1,False,,Unnamed Facility,7.132385716910598,Wildfire,0.75,0.75,306.04,0.0,1.0
19.92,79.11,1,1,True,Acc company limited,Acc company limited,0.3756273524353444,Gas Flare,1.9,1.9,308.01,0.0,1.0
19.93,79.12,2,2,True,Lloyd,Lloyd,0.076712654599254,Gas Flare,1.2999999999999998,1.38,306.9,0.11313708498984747,1.0
19.94,73.71,2,2,True,Unnamed Facility,Unnamed Facility,0.0298853426823461,Gas Flare,1.135,1.69,308.55499999999995,0.7848885271170678,1.0
19.96,79.34,1,1,True,Unnamed Facility,Unnamed Facility,0.9604749291889312,Gas Flare,1.46,1.46,317.82,0.0,1.0
20.53,85.91,1,2,True,UMSL Odisha,UMSL Odisha,0.5641903170222358,Gas Flare,4.4,7.0,321.91499999999996,3.6769552621700474,0.5
20.66,78.5,1,1,True,Unnamed Facility,Unnamed Facility,0.2141585287377111,Gas Flare,0.7,0.7,304.78,0.0,1.0
20.7,78.64,2,2,True,Unnamed Facility,Unnamed Facility,0.6772213307441398,Gas Flare,1.125,1.29,307.90999999999997,0.23334523779156074,1.0
20.76,85.3,2,4,False,,Unnamed Facility,5.390021004357733,Wildfire,3.3475,6.35,320.96,2.014950371597276,0.75
20.79,85.25,3,4,True,Meramandali Power Station,Meramandali Power Station,1.8931472616821043,Gas Flare,7.61,11.19,331.2725,3.60763080150949,0.75
20.79,85.26,4,9,True,Tata Steel Meramandali,Tata Steel Meramandali,1.5645637961568355,Gas Flare,3.7922222222222217,7.26,315.6922222222222,2.007179474896165,0.8888888888888888
20.79,85.27,1,1,True,Tata Steel Meramandali,Tata Steel Meramandali,1.8359486293921483,Gas Flare,2.66,2.66,313.15,0.0,1.0
20.8,85.25,2,2,True,Meramandali Power Station,Meramandali Power Station,0.8401587962024436,Gas Flare,3.795,4.69,325.95,1.2657211383239206,1.0
20.8,85.26,1,3,True,Tata Steel Meramandali,Tata Steel Meramandali,0.4679952840407182,Gas Flare,2.1166666666666667,2.79,317.25333333333333,0.6960124519958917,1.0
20.81,85.25,1,2,True,Meramandali Power Station,Meramandali Power Station,0.5482603337439153,Gas Flare,1.76,1.78,303.87,0.028284271247461926,1.0
20.81,85.26,3,4,True,Tata Steel Meramandali,Tata Steel Meramandali,0.6804716319014126,Gas Flare,3.925,7.38,322.355,2.5859169875822903,0.75
20.82,71.07,1,1,False,,Unnamed Facility,2.34947282932396,Wildfire,2.79,2.79,330.11,0.0,0.0
20.86,84.98,1,1,True,Angul Steel Plant,Angul Steel Plant,1.8886200773877224,Gas Flare,2.17,2.17,316.08,0.0,1.0
20.86,84.99,4,10,True,Angul Steel Plant,Angul Steel Plant,1.7359104293236156,Gas Flare,3.397,8.19,326.95,2.2076133417486554,0.6
20.86,85.0,1,1,False,,Angul Steel Plant,2.220978744350378,Wildfire,1.87,1.87,318.33,0.0,1.0
20.87,84.99,4,9,True,Angul Steel Plant,Angul Steel Plant,0.6709796894061658,Gas Flare,2.4333333333333336,3.91,310.7011111111111,0.8896488071143578,1.0
20.87,85.0,1,3,True,Angul Steel Plant,Angul Steel Plant,1.5393424920456384,Gas Flare,5.3133333333333335,8.12,334.83,2.430644633288324,0.6666666666666666
20.87,96.39,1,1,True,Unnamed Facility,Unnamed Facility,0.4961208111808032,Gas Flare,1.12,1.12,301.43,0.0,1.0
20.88,84.98,1,2,True,Angul Steel Plant,Angul Steel Plant,0.955722548092538,Gas Flare,1.57,1.57,316.15,0.0,1.0
20.89,84.98,4,8,True,Unnamed Facility,Unnamed Facility,0.7311517883791513,Gas Flare,2.39625,6.25,320.67875,1.7011839364731511,0.75
20.89,84.99,1,1,True,Angul Steel Power Plant,Angul Steel Power Plant,0.3540333916128562,Gas Flare,1.67,1.67,305.67,0.0,1.0
20.91,71.46,3,4,True,Unnamed Facility,Unnamed Facility,0.2453765515457672,Gas Flare,1.2125,1.45,306.4075,0.26936654085712525,1.0
20.95,86.04,2,3,True,Unnamed Facility,Unnamed Facility,1.391774985036351,Gas Flare,3.0033333333333334,4.04,319.10999999999996,0.9231648462400055,1.0
20.95,86.05,2,5,True,Unnamed Facility,Unnamed Facility,0.4052685477303879,Gas Flare,2.702,4.04,316.33000000000004,0.7784407491903287,1.0
20.96,85.01,3,4,False,,Angul Monnet Power Company Limited,4.495640107274856,Wildfire,1.87,3.02,305.5325,0.7754998388136517,1.0
20.96,85.16,1,1,False,,Unnamed Facility,2.340559028684868,Wildfire,2.96,2.96,310.36,0.0,1.0
20.96,85.17,2,4,False,,Unnamed Facility,2.9482194497798084,Wildfire,2.875,6.38,319.9075,2.348524359393929,0.75
20.96,86.0,1,1,True,IEL Kalinganagar Tata Steel Power Station,IEL Kalinganagar Tata Steel Power Station,1.5087580713881494,Gas Flare,0.79,0.79,307.14,0.0,1.0
20.96,86.01,4,5,True,TATA Steel,TATA Steel,1.2288347424230146,Gas Flare,4.478,8.78,326.72799999999995,2.5163306618964048,0.8
20.96,86.05,1,1,True,Duburi Steel Power Plant,Duburi Steel Power Plant,0.1296192177242746,Gas Flare,1.4,1.4,305.01,0.0,1.0
20.97,85.15,2,4,False,,Unnamed Facility,3.2846138961592963,Wildfire,4.51,5.77,329.2375,1.2434092916922674,0.75
20.97,85.16,1,1,False,,Unnamed Facility,3.395527567527905,Wildfire,1.93,1.93,307.29,0.0,1.0
20.97,85.19,1,1,False,,Unnamed Facility,2.589286037320012,Wildfire,1.67,1.67,309.58,0.0,1.0
20.97,86.0,3,4,True,IEL Kalinganagar Tata Steel Power Station,IEL Kalinganagar Tata Steel Power Station,0.3968983210188774,Gas Flare,3.46,5.31,314.04,1.9837170497158438,0.75
20.97,86.01,4,11,True,TATA Steel,TATA Steel,0.1196830666703521,Gas Flare,3.37,6.38,320.36727272727273,1.5570934461361012,0.8181818181818182
20.97,86.02,2,2,True,Unnamed Facility,Unnamed Facility,1.092199783760377,Gas Flare,6.115,7.92,332.15,2.552655480083437,0.0
20.98,85.13,2,3,False,,Unnamed Facility,5.024907032087542,Wildfire,1.8233333333333333,2.12,306.3,0.34818577416852253,1.0
20.98,85.14,2,2,False,,Unnamed Facility,4.587470437128344,Wildfire,1.795,1.91,313.66499999999996,0.1626345596729059,1.0
21.0,86.01,1,2,True,Unnamed Facility,Unnamed Facility,1.0930259804452855,Gas Flare,0.72,0.72,305.03,0.0,1.0
21.0,86.03,1,1,True,Unnamed Facility,Unnamed Facility,1.144288927400835,Gas Flare,3.58,3.58,306.67,0.0,1.0
21.07,85.04,1,1,False,,Unnamed Facility,3.781876122131965,Wildfire,0.97,0.97,312.01,0.0,1.0
21.07,85.05,1,1,False,,Unnamed Facility,2.984670896604661,Wildfire,0.97,0.97,309.46,0.0,1.0
21.08,85.03,2,2,False,,Unnamed Facility,4.269925293087161,Wildfire,1.5750000000000002,2.04,308.97,0.6576093065034893,1.0
21.1,72.63,2,2,True,Shell Energy India Private Limited,Shell Energy India Private Limited,0.9953267409835258,Gas Flare,6.220000000000001,7.03,329.95500000000004,1.1455129855222075,0.5
21.1,72.64,4,6,True,ArcelorMittal Nippon Steel India,ArcelorMittal Nippon Steel India,1.1725936516859103,Gas Flare,5.571666666666666,9.33,324.69666666666666,2.8977882370295225,0.5
21.1,72.65,2,3,True,Hazira Power Plant,Hazira Power Plant,1.295100306726884,Gas Flare,7.47,10.64,337.25333333333333,2.9234739608896816,0.0
21.11,72.64,2,4,True,ArcelorMittal Nippon Steel India,ArcelorMittal Nippon Steel India,0.4154170033298988,Gas Flare,5.7925,8.99,320.835,2.9693363456054174,1.0
21.11,72.65,3,6,True,Hazira Power Plant,Hazira Power Plant,0.6531349153283484,Gas Flare,5.995,10.32,326.505,3.3324750561707135,0.5
21.18,81.38,2,2,True,Unnamed Facility,Unnamed Facility,1.054228164158486,Gas Flare,2.19,3.03,307.54,1.1879393923933996,1.0
21.18,81.39,3,4,True,Bhilai Steel Plant,Bhilai Steel Plant,0.4985286672082177,Gas Flare,1.9300000000000002,2.37,310.02250000000004,0.5097057974949865,1.0
21.19,81.2,1,1,True,Unnamed Facility,Unnamed Facility,0.7732677167689798,Gas Flare,2.87,2.87,308.88,0.0,1.0
21.19,81.39,3,6,True,Bhilai Steel Plant,Bhilai Steel Plant,0.6340125711440744,Gas Flare,1.8033333333333335,2.44,309.49833333333333,0.34989522241189097,1.0
21.19,81.4,1,1,True,Bhilai Steel Plant,Bhilai Steel Plant,1.1836942045052543,Gas Flare,0.44,0.44,304.04,0.0,1.0
21.19,81.41,1,1,True,Bhilai 500 MW Expansion Power Project,Bhilai 500 MW Expansion Power Project,1.6052963683641843,Gas Flare,9.94,9.94,317.08,0.0,1.0
21.19,81.42,1,1,True,Bhilai 500 MW Expansion Power Project,Bhilai 500 MW Expansion Power Project,0.5207738438676974,Gas Flare,5.78,5.78,327.06,0.0,1.0
21.2,81.42,1,1,True,Bhilai 500 MW Expansion Power Project,Bhilai 500 MW Expansion Power Project,1.3972850777458603,Gas Flare,5.78,5.78,321.15,0.0,1.0
21.23,79.63,1,1,True,Sunflag Steel,Sunflag Steel,0.198409343045406,Gas Flare,0.91,0.91,308.52,0.0,1.0
21.24,79.22,1,1,False,,Unnamed Facility,2.475208795421276,Wildfire,1.42,1.42,310.91,0.0,1.0
21.24,94.85,1,2,True,Unnamed Facility,Unnamed Facility,1.8242163188546805,Gas Flare,11.55,12.41,367.0,1.2162236636408628,0.0
21.25,79.21,1,1,False,,Unnamed Facility,4.034696069052207,Wildfire,1.27,1.27,312.66,0.0,1.0
21.25,81.77,1,1,True,Unnamed Facility,Unnamed Facility,0.6302270668937137,Gas Flare,0.58,0.58,305.78,0.0,1.0
21.31,81.58,1,1,True,Unnamed Facility,Unnamed Facility,1.1407260344327466,Gas Flare,1.24,1.24,306.64,0.0,1.0
21.31,81.59,1,1,True,Unnamed Facility,Unnamed Facility,0.0939447294549538,Gas Flare,0.77,0.77,302.07,0.0,1.0
21.33,78.97,1,1,False,,Unnamed Facility,4.869762268470871,Wildfire,1.28,1.28,307.7,0.0,1.0
21.34,81.67,1,1,True,Jayaswal Neco,Jayaswal Neco,1.4254449750904838,Gas Flare,1.06,1.06,305.24,0.0,1.0
21.35,81.67,1,1,True,Jayaswal Neco,Jayaswal Neco,0.3713201473082228,Gas Flare,0.58,0.58,304.62,0.0,1.0
21.37,81.64,1,1,True,Unnamed Facility,Unnamed Facility,1.1186935663286168,Gas Flare,1.67,1.67,307.36,0.0,1.0
21.37,81.68,1,2,True,Unnamed Facility,Unnamed Facility,0.523070189042015,Gas Flare,1.17,1.17,303.435,0.0,1.0
21.38,81.68,2,3,True,Unnamed Facility,Unnamed Facility,0.6113787308513992,Gas Flare,1.8166666666666667,2.95,307.3666666666667,0.9847503913852146,1.0
21.43,72.98,1,1,True,Unnamed Facility,Unnamed Facility,1.8476529711097167,Gas Flare,1.2,1.2,304.92,0.0,1.0
21.49,81.77,2,2,True,Unnamed Facility,Unnamed Facility,0.4402105195864244,Gas Flare,1.3599999999999999,1.97,309.54,0.862670273047588,1.0
21.54,81.95,1,1,True,Unnamed Facility,Unnamed Facility,0.4416664986245916,Gas Flare,1.19,1.19,306.44,0.0,1.0
21.56,81.75,1,1,True,Unnamed Facility,Unnamed Facility,0.7355039783882791,Gas Flare,0.75,0.75,306.02,0.0,1.0
21.58,82.02,2,2,True,Unnamed Facility,Unnamed Facility,0.4624995110115888,Gas Flare,1.685,1.82,304.235,0.19091883092036785,1.0
21.62,81.79,3,3,False,,Unnamed Facility,5.031375579225203,Wildfire,1.38,1.91,305.6366666666667,0.7514652353901676,1.0
21.67,82.08,1,1,True,Unnamed Facility,Unnamed Facility,0.5598973729542064,Gas Flare,1.32,1.32,301.52,0.0,1.0
21.68,82.08,1,1,True,Unnamed Facility,Unnamed Facility,0.962167232966286,Gas Flare,1.19,1.19,301.97,0.0,1.0
21.68,84.04,3,8,True,Shyam Metallic & Energy,Shyam Metallic & Energy,0.5161449849171692,Gas Flare,2.82,3.63,313.36375,0.6705860975935262,0.875
21.73,82.22,1,1,True,Unnamed Facility,Unnamed Facility,0.7010512550791562,Gas Flare,1.13,1.13,305.94,0.0,1.0
21.74,83.84,4,9,True,Unnamed Facility,Unnamed Facility,0.8350005091493488,Gas Flare,3.592222222222222,5.4,319.54999999999995,1.1220380762008233,0.8888888888888888
21.75,83.84,4,14,True,Unnamed Facility,Unnamed Facility,0.6240818309970466,Gas Flare,5.538571428571428,12.68,328.42,2.8667613920800736,0.7857142857142857
21.75,83.85,3,5,True,Unnamed Facility,Unnamed Facility,1.2330453505389534,Gas Flare,5.406000000000001,13.65,322.536,4.671876496655279,0.8
21.75,84.02,1,1,True,Bhushan Power & Steel,Bhushan Power & Steel,1.3914512049111865,Gas Flare,3.68,3.68,317.94,0.0,1.0
21.76,83.82,1,1,False,,Unnamed Facility,2.3318458635765498,Wildfire,0.93,0.93,306.86,0.0,1.0
21.76,83.84,4,8,True,Unnamed Facility,Unnamed Facility,0.8267158718883825,Gas Flare,3.9475,11.19,320.64125,2.9958721601563707,0.875
21.76,83.85,3,8,True,Unnamed Facility,Unnamed Facility,1.02342087322279,Gas Flare,3.86375,7.87,320.585,1.9143588072399444,0.75
21.76,84.02,2,4,True,Bhushan Power & Steel,Bhushan Power & Steel,0.3312921905172805,Gas Flare,2.2725,2.37,310.6,0.13047988350699882,1.0
21.77,84.02,2,5,True,Rengali Bhushan Power Plant,Rengali Bhushan Power Plant,0.2099091928376094,Gas Flare,3.166,7.95,313.148,2.7394671014633487,0.8
21.79,80.02,1,2,False,,Unnamed Facility,24.102419184417982,Wildfire,0.72,0.72,309.95,0.0,1.0
21.79,83.99,1,1,True,Unnamed Facility,Unnamed Facility,0.0632174452174221,Gas Flare,0.6,0.6,306.09,0.0,1.0
21.8,82.04,2,2,False,,Nova Iron & Steel,9.74649394855492,Wildfire,1.3199999999999998,1.38,305.12,0.08485281374238571,1.0
21.8,83.88,1,1,True,Unnamed Facility,Unnamed Facility,1.743472129604703,Gas Flare,1.36,1.36,311.63,0.0,1.0
21.8,83.89,2,3,True,Unnamed Facility,Unnamed Facility,1.6645988380020875,Gas Flare,4.173333333333333,5.38,329.31666666666666,1.3922763135718907,0.6666666666666666
21.82,83.99,1,1,True,Unnamed Facility,Unnamed Facility,0.6681560282182288,Gas Flare,0.75,0.75,306.84,0.0,1.0
21.83,83.9,1,1,False,,Unnamed Facility,3.0916134124731505,Wildfire,2.21,2.21,307.09,0.0,1.0
21.86,83.97,2,2,True,MSP Steel,MSP Steel,0.5119592428109683,Gas Flare,1.44,2.05,306.89,0.8626702730475879,1.0
21.87,83.5,1,1,True,Unnamed Facility,Unnamed Facility,0.4356037935066171,Gas Flare,0.84,0.84,302.93,0.0,1.0
21.88,83.5,2,2,True,Unnamed Facility,Unnamed Facility,0.4685600646994172,Gas Flare,1.855,2.58,311.66999999999996,1.025304832720494,1.0
21.88,83.55,1,1,True,Unnamed Facility,Unnamed Facility,0.3608359592359863,Gas Flare,0.9,0.9,305.36,0.0,1.0
21.88,83.56,3,3,True,Unnamed Facility,Unnamed Facility,0.5688253084655973,Gas Flare,1.43,1.86,309.93666666666667,0.3961060464067671,1.0
21.9,83.98,1,1,True,Unnamed Facility,Unnamed Facility,0.4865703234291682,Gas Flare,0.95,0.95,306.18,0.0,1.0
21.92,83.34,1,1,True,Raigarh Jindal power station,Raigarh Jindal power station,0.8349083832630539,Gas Flare,2.13,2.13,303.36,0.0,1.0
21.92,83.35,4,7,True,Raigarh Jindal power station,Raigarh Jindal power station,0.8303941876734718,Gas Flare,2.277142857142857,7.73,312.25714285714287,2.6045966692606766,0.8571428571428571
21.92,85.22,2,2,True,Rungta Kamanda power station,Rungta Kamanda power station,1.0693894850879389,Gas Flare,1.6,2.13,303.99,0.7495331880577404,1.0
21.93,85.22,1,2,True,Rungta Kamanda power station,Rungta Kamanda power station,0.4074275408412225,Gas Flare,2.52,2.86,310.585,0.4808326112068521,1.0
21.94,81.98,1,1,False,,Unnamed Facility,7.734113440780026,Wildfire,1.05,1.05,302.44,0.0,1.0
21.97,83.77,1,1,False,,Hemgir Coal Washery,10.004377045486102,Wildfire,2.53,2.53,306.37,0.0,1.0
21.97,85.31,1,1,True,Unnamed Facility,Unnamed Facility,0.8019457168309654,Gas Flare,1.69,1.69,301.33,0.0,1.0
21.98,83.23,2,2,True,Unnamed Facility,Unnamed Facility,0.7318673796439852,Gas Flare,2.38,2.75,315.95500000000004,0.5232590180780453,1.0
21.99,83.23,1,1,True,Monnet Raigarh Power Plant,Monnet Raigarh Power Plant,0.3771884908244236,Gas Flare,1.27,1.27,307.64,0.0,1.0
21.99,83.37,1,1,True,Unnamed Facility,Unnamed Facility,1.274610933323847,Gas Flare,0.33,0.33,300.36,0.0,1.0
22.0,82.67,3,4,True,Prakash Champa Captive Power Station,Prakash Champa Captive Power Station,0.4080037770619083,Gas Flare,1.2925,1.44,308.7825,0.16459546368799682,1.0
22.01,82.67,2,5,True,Prakash Industries Steel Plant,Prakash Industries Steel Plant,0.5893825490293447,Gas Flare,1.4700000000000002,2.21,305.45,0.5023445033042563,1.0
22.01,83.75,1,1,False,,Hemgir Coal Washery,13.33176774112814,Wildfire,1.24,1.24,307.61,0.0,1.0
22.02,82.18,1,1,True,Silpahari Industrial Area,Silpahari Industrial Area,0.5199074217313883,Gas Flare,0.65,0.65,301.54,0.0,1.0
22.02,83.75,2,3,False,,Hemgir Coal Washery,14.417829018749773,Wildfire,1.0733333333333333,1.19,304.68,0.1106044001535803,1.0
22.03,83.36,1,1,False,,Unnamed Facility,2.417621220233222,Wildfire,1.97,1.97,301.81,0.0,1.0
22.03,83.37,1,1,True,Unnamed Facility,Unnamed Facility,1.4634402494862426,Gas Flare,1.32,1.32,303.54,0.0,1.0
22.03,83.74,1,1,False,,Hemgir Coal Washery,15.333190606920825,Wildfire,0.63,0.63,304.38,0.0,1.0
22.04,83.35,2,3,False,,Unnamed Facility,2.4651219680942424,Wildfire,1.1566666666666665,1.48,307.95666666666665,0.3356088993655164,1.0
22.04,83.73,1,3,False,,Hemgir Coal Washery,16.34886538714636,Wildfire,1.3633333333333333,1.77,307.54,0.37541088600802885,1.0
22.05,88.12,1,1,True,Hindustan Fertilizer Corporation Limited,Hindustan Fertilizer Corporation Limited,0.458821183252702,Gas Flare,1.99,1.99,306.46,0.0,1.0
22.06,85.46,1,1,False,,Unnamed Facility,3.613228732141396,Wildfire,0.66,0.66,302.15,0.0,1.0
22.06,85.47,1,1,False,,Unnamed Facility,3.3148615026261083,Wildfire,0.82,0.82,301.04,0.0,1.0
22.06,88.12,1,2,True,Unnamed Facility,Unnamed Facility,0.5034219750335249,Gas Flare,1.795,1.99,305.97,0.27577164466275356,1.0
22.06,88.13,1,1,True,Exide Industries Limited,Exide Industries Limited,0.5318218077455292,Gas Flare,1.6,1.6,308.96,0.0,1.0
22.07,83.71,1,1,False,,Unnamed Facility,19.570132324041083,Wildfire,0.88,0.88,303.72,0.0,1.0
22.09,83.12,1,2,False,,Binjkote Power Station,12.650636193206443,Wildfire,0.915,1.03,306.625,0.1626345596729059,1.0
22.11,83.12,1,1,False,,Binjkote Power Station,14.235865350577363,Wildfire,0.81,0.81,302.56,0.0,1.0
22.21,84.86,2,5,True,Unnamed Facility,Unnamed Facility,1.5188787616977324,Gas Flare,2.174,3.47,313.29200000000003,0.9918820494393477,0.8
22.21,84.87,1,2,True,Rourkela Works II Power Plant,Rourkela Works II Power Plant,1.6276460119095335,Gas Flare,2.21,2.21,319.4,0.0,1.0
22.21,84.88,1,2,True,Rourkela Works II Power Plant,Rourkela Works II Power Plant,1.3172275877790558,Gas Flare,2.44,2.44,321.94,0.0,1.0
22.22,84.76,1,1,True,Unnamed Facility,Unnamed Facility,0.3979678511881944,Gas Flare,1.82,1.82,297.0,0.0,1.0
22.22,84.87,1,1,True,Rourkela Works II Power Plant,Rourkela Works II Power Plant,0.9869473806473824,Gas Flare,1.97,1.97,311.14,0.0,1.0
22.23,84.75,1,1,True,Unnamed Facility,Unnamed Facility,0.6511151210507933,Gas Flare,1.2,1.2,301.08,0.0,1.0
22.24,87.39,1,1,True,BEL,BEL,1.0149135991697802,Gas Flare,0.71,0.71,305.49,0.0,1.0
22.32,82.54,1,1,False,,S V Power Private Limited Renki,3.069781785978188,Wildfire,2.33,2.33,304.74,0.0,1.0
22.32,82.55,1,1,False,,S V Power Private Limited Renki,3.7031718573316654,Wildfire,2.18,2.18,306.64,0.0,1.0
22.32,82.56,2,2,False,,South Eastern Coalfields Ltd. (SECL) - Junadih Rapid Coal Loading System (JRGR),3.5545814362590056,Wildfire,2.815,3.61,312.02,1.1242997820866105,1.0
22.32,82.57,2,2,False,,South Eastern Coalfields Ltd. (SECL) - Junadih Rapid Coal Loading System (JRGR),3.3725710656938177,Wildfire,2.0549999999999997,2.46,307.07,0.5727564927611037,1.0
22.32,82.59,2,2,False,,South Eastern Coalfields Ltd. (SECL) - Junadih Rapid Coal Loading System (JRGR),4.033756987271716,Wildfire,1.99,2.42,307.77,0.6081118318204308,1.0
22.33,82.53,1,1,False,,S V Power Private Limited Renki,3.866377422588799,Wildfire,1.51,1.51,306.15,0.0,1.0
22.33,82.61,2,2,False,,Unnamed Facility,4.766766811631531,Wildfire,2.545,2.59,320.17499999999995,0.06363961030678918,1.0
22.34,69.86,1,1,True,Unnamed Facility,Unnamed Facility,0.2524182425312064,Gas Flare,2.92,2.92,308.84,0.0,1.0
22.34,69.87,1,1,True,Reliance Refinery,Reliance Refinery,0.5216263999685629,Gas Flare,3.19,3.19,308.4,0.0,1.0
22.35,82.3,1,1,False,,Bhandhakhar Power Station,14.90351268028595,Wildfire,1.04,1.04,306.13,0.0,1.0
22.36,87.02,1,1,False,,RASHMI CEMENT LTD. (CEMENT DIVISION),3.582058266528033,Wildfire,1.12,1.12,309.38,0.0,1.0
22.36,87.29,1,1,True,Unnamed Facility,Unnamed Facility,0.5269739717315364,Gas Flare,1.66,1.66,307.49,0.0,1.0
22.36,87.3,2,2,True,Unnamed Facility,Unnamed Facility,1.622630533287065,Gas Flare,1.225,1.39,306.56,0.23334523779156066,1.0
22.37,87.02,1,2,False,,RASHMI CEMENT LTD. (CEMENT DIVISION),2.478365605619693,Wildfire,2.2350000000000003,3.35,312.56,1.576848122046001,1.0
22.37,87.3,2,5,True,Unnamed Facility,Unnamed Facility,1.5848499337409043,Gas Flare,1.778,2.53,310.29200000000003,0.7612292690116427,1.0
22.38,87.28,2,7,True,Unnamed Facility,Unnamed Facility,0.3911238718234838,Gas Flare,2.9785714285714286,6.49,314.3128571428571,2.018798558313241,0.8571428571428571
22.42,69.04,1,1,True,Unnamed Facility,Unnamed Facility,0.460128100026741,Gas Flare,5.64,5.64,333.49,0.0,0.0
22.57,85.89,2,3,True,Unnamed Facility,Unnamed Facility,0.278850419421272,Gas Flare,2.2600000000000002,3.54,317.90333333333336,1.1086929241228156,0.6666666666666666
22.57,85.9,3,7,True,Unnamed Facility,Unnamed Facility,0.8604854483973527,Gas Flare,2.337142857142857,4.01,317.1857142857143,1.2394315133118392,0.7142857142857143
22.59,85.9,1,1,True,Unnamed Facility,Unnamed Facility,0.8267949245996695,Gas Flare,0.78,0.78,305.92,0.0,1.0
22.61,85.91,1,1,False,,Unnamed Facility,2.401237217842833,Wildfire,0.63,0.63,304.85,0.0,1.0
22.69,92.16,1,1,False,,Unnamed Facility,14.048907531071176,Wildfire,2.89,2.89,329.81,0.0,0.0
22.79,86.2,2,4,True,Tata Steel,Tata Steel,0.5542914951500992,Gas Flare,2.5175,4.84,313.3775,1.6925006154602524,0.75
22.79,86.21,1,1,True,Jojobera Tata Unit 6 Power Station,Jojobera Tata Unit 6 Power Station,0.5135024554097699,Gas Flare,2.71,2.71,336.36,0.0,1.0
22.8,86.09,1,1,True,Adityapur Works Power Station,Adityapur Works Power Station,0.4138260737242487,Gas Flare,2.09,2.09,314.38,0.0,1.0
22.8,86.21,1,2,True,Jojobera Tata Unit 6 Power Station,Jojobera Tata Unit 6 Power Station,0.5995281491351652,Gas Flare,1.44,1.44,314.325,0.0,1.0
22.83,69.53,1,1,True,Coastal Gujarat Power Ltd,Coastal Gujarat Power Ltd,1.6771821382223897,Gas Flare,2.4,2.4,338.61,0.0,0.0
22.87,86.06,1,3,True,Unnamed Facility,Unnamed Facility,0.7156795177568923,Gas Flare,1.14,1.62,310.5933333333333,0.4156921938165306,1.0
22.93,69.7,1,4,True,Unnamed Facility,Unnamed Facility,0.3208713118060967,Gas Flare,2.7625,3.12,322.6075,0.3771272994626615,0.75
22.93,69.82,1,1,True,Unnamed Facility,Unnamed Facility,0.4301568771209562,Gas Flare,1.98,1.98,306.95,0.0,1.0
22.93,70.11,1,1,True,Tuna-Tekra Container Terminal,Tuna-Tekra Container Terminal,1.361036873363361,Gas Flare,5.54,5.54,338.61,0.0,0.0
23.16,82.34,1,2,False,,JKD Mines,20.23646557151544,Wildfire,2.26,2.38,322.075,0.16970562748477142,1.0
23.17,82.34,1,2,False,,JKD Mines,20.04143015950909,Wildfire,1.89,1.89,321.115,0.0,1.0
23.27,70.26,1,1,True,Unnamed Facility,Unnamed Facility,0.6597272144120973,Gas Flare,1.02,1.02,305.99,0.0,1.0
23.3,70.48,1,1,True,Unnamed Facility,Unnamed Facility,0.6055028466389729,Gas Flare,1.17,1.17,305.59,0.0,1.0
23.31,70.2,1,1,False,,Unnamed Facility,4.901257416750066,Wildfire,0.45,0.45,301.47,0.0,1.0
23.32,70.49,1,1,True,Unnamed Facility,Unnamed Facility,0.4472078030823525,Gas Flare,1.37,1.37,310.46,0.0,1.0
23.41,72.42,1,1,True,Unnamed Facility,Unnamed Facility,0.4166727379210436,Gas Flare,1.43,1.43,318.21,0.0,1.0
23.51,72.42,1,1,False,,Unnamed Facility,2.0405326821923384,Wildfire,0.44,0.44,302.64,0.0,1.0
23.51,94.01,1,1,False,,ရာဇဂြိုဟ်ရေအားလျှပ်စစ်စက်ရုံ,8.433489507163808,Wildfire,6.81,6.81,331.11,0.0,0.0
23.54,72.41,1,1,False,,Radhe industroal park,3.325140728177857,Wildfire,0.62,0.62,305.66,0.0,1.0
23.55,86.54,1,1,False,,Unnamed Facility,8.730765895922548,Wildfire,0.53,0.53,301.35,0.0,1.0
23.55,87.24,1,1,True,Durgapur SAIL power station,Durgapur SAIL power station,0.9713803738063505,Gas Flare,3.82,3.82,311.64,0.0,1.0
23.56,87.24,1,1,True,Unnamed Facility,Unnamed Facility,0.955584499991176,Gas Flare,4.18,4.18,305.77,0.0,1.0
23.58,86.73,1,1,False,,Unnamed Facility,9.201267368560082,Wildfire,0.65,0.65,301.92,0.0,1.0
23.61,86.79,1,1,False,,Unnamed Facility,5.623480351967372,Wildfire,1.33,1.33,303.11,0.0,1.0
23.63,70.44,1,1,False,,Unnamed Facility,3.265117370568736,Wildfire,4.13,4.13,335.41,0.0,0.0
23.63,96.6,1,1,False,,Gold Mines,39.43568745688837,Wildfire,2.94,2.94,326.64,0.0,0.0
23.65,85.44,1,2,True,Unnamed Facility,Unnamed Facility,0.6753301481903863,Gas Flare,0.32,0.32,299.46000000000004,0.0,1.0
23.66,85.51,1,2,True,Unnamed Facility,Unnamed Facility,0.4248684702805148,Gas Flare,1.145,1.23,305.25,0.12020815280171303,1.0
23.66,87.15,1,1,True,Belbaid,Belbaid,0.7596988965632138,Gas Flare,2.85,2.85,309.16,0.0,1.0
23.66,87.16,1,2,True,Parasea,Parasea,0.9688273211008266,Gas Flare,1.845,2.21,305.62,0.5161879502661797,1.0
23.67,85.0,1,4,True,Unnamed Facility,Unnamed Facility,1.3080680980999595,Gas Flare,2.1875,2.91,297.96999999999997,0.8056622534701913,1.0
23.67,85.32,1,1,True,Unnamed Facility,Unnamed Facility,1.902337564792972,Gas Flare,2.29,2.29,296.63,0.0,1.0
23.67,86.09,1,1,True,Bokaro Works Power Plant,Bokaro Works Power Plant,1.9255938959981656,Gas Flare,7.74,7.74,335.29,0.0,0.0
23.68,86.08,1,1,True,Bokaro Works Power Plant,Bokaro Works Power Plant,1.583269938500557,Gas Flare,1.67,1.67,304.85,0.0,1.0
23.68,86.09,2,8,True,Bokaro Works Power Plant,Bokaro Works Power Plant,0.8367464710093752,Gas Flare,1.91625,3.56,303.37625,1.0335782159911404,1.0
23.68,86.1,1,1,True,Bokaro Steel Plant,Bokaro Steel Plant,0.6324943160198738,Gas Flare,1.25,1.25,305.12,0.0,1.0
23.68,86.39,2,4,False,,Unnamed Facility,2.5415928024033585,Wildfire,4.47,8.81,316.58000000000004,3.071535989262267,0.75
23.69,85.37,1,2,False,,Unnamed Facility,2.685384235953354,Wildfire,3.69,3.98,309.11,0.4101219330881976,1.0
23.69,86.08,1,1,True,Bokaro Works Power Plant,Bokaro Works Power Plant,1.4042217933421812,Gas Flare,0.75,0.75,302.22,0.0,1.0
23.69,86.39,2,2,True,Unnamed Facility,Unnamed Facility,1.5368036354932286,Gas Flare,4.67,8.43,324.53499999999997,5.317442994522837,0.5
23.69,86.44,1,1,False,,SAIL Chasnalla ADM Building,2.873701480270232,Wildfire,0.77,0.77,303.17,0.0,1.0
23.69,87.12,1,2,True,Unnamed Facility,Unnamed Facility,0.3499572018828322,Gas Flare,3.4250000000000003,4.15,308.08500000000004,1.025304832720494,1.0
23.7,85.37,1,1,False,,Unnamed Facility,3.4588702947455627,Wildfire,2.54,2.54,311.51,0.0,1.0
23.7,86.07,1,1,True,Unnamed Facility,Unnamed Facility,0.960397086830774,Gas Flare,0.77,0.77,298.32,0.0,1.0
23.7,86.08,1,1,True,Bokaro Works Power Plant,Bokaro Works Power Plant,1.977320493478918,Gas Flare,2.29,2.29,306.71,0.0,1.0
23.7,87.11,1,1,True,Unnamed Facility,Unnamed Facility,0.550407830796166,Gas Flare,4.09,4.09,302.82,0.0,1.0
23.7,87.12,1,1,True,Unnamed Facility,Unnamed Facility,0.5349070109041728,Gas Flare,2.7,2.7,308.23,0.0,1.0
23.71,86.42,1,1,False,,Unnamed Facility,2.6656944853335034,Wildfire,1.96,1.96,307.48,0.0,1.0
23.72,86.42,1,1,False,,Unnamed Facility,3.2290223840766648,Wildfire,1.68,1.68,304.33,0.0,1.0
23.74,86.44,1,2,False,,Unnamed Facility,5.5199799203752535,Wildfire,3.06,3.06,335.685,0.0,0.0
23.76,85.85,3,3,False,,Unnamed Facility,2.5338792567094,Wildfire,1.14,1.79,306.02666666666664,0.5838664230797999,1.0
23.76,86.39,2,2,True,Unnamed Facility,Unnamed Facility,1.049803439248269,Gas Flare,2.3200000000000003,3.52,300.89,1.6970562748477143,1.0
23.76,86.4,3,9,True,Unnamed Facility,Unnamed Facility,1.8035020377300777,Gas Flare,3.0977777777777775,4.93,316.67777777777775,1.090135057891656,0.5555555555555556
23.76,86.41,1,1,False,,Unnamed Facility,2.001488817433184,Wildfire,3.69,3.69,299.36,0.0,1.0
23.77,86.2,1,1,False,,Unnamed Facility,2.2279564416635065,Wildfire,2.42,2.42,315.34,0.0,1.0
23.77,86.37,1,1,True,Unnamed Facility,Unnamed Facility,1.5460595621278466,Gas Flare,4.47,4.47,321.88,0.0,1.0
23.77,86.4,1,1,True,Unnamed Facility,Unnamed Facility,0.7366575314725422,Gas Flare,3.54,3.54,305.75,0.0,1.0
23.78,86.2,1,1,True,Unnamed Facility,Unnamed Facility,1.2614086854717868,Gas Flare,1.53,1.53,303.18,0.0,1.0
23.78,86.21,1,3,False,,Unnamed Facility,2.1554185825434105,Wildfire,1.3833333333333335,1.53,308.34999999999997,0.1270170592217177,1.0
23.78,86.36,1,1,False,,Unnamed Facility,3.1159003812982573,Wildfire,2.96,2.96,318.15,0.0,1.0
23.78,86.37,1,1,False,,Unnamed Facility,2.418203449858712,Wildfire,1.85,1.85,306.29,0.0,1.0
23.78,86.39,1,1,True,Unnamed Facility,Unnamed Facility,1.4230586198864437,Gas Flare,2.79,2.79,302.64,0.0,1.0
23.79,85.55,2,5,True,West Bokaro Coal Mine,West Bokaro Coal Mine,0.6061327976446204,Gas Flare,2.0919999999999996,4.76,309.70799999999997,1.679663656807517,0.8
23.79,86.35,1,1,False,,Unnamed Facility,3.916253129114851,Wildfire,1.86,1.86,332.56,0.0,0.0
23.8,86.33,2,3,False,,Unnamed Facility,3.119628727040166,Wildfire,3.8233333333333337,4.15,330.34666666666664,0.5658032638058335,0.3333333333333333
23.8,86.35,1,1,False,,Unnamed Facility,2.8250690189210097,Wildfire,4.1,4.1,319.39,0.0,1.0
23.82,85.5,1,1,True,Unnamed Facility,Unnamed Facility,1.1569839840622285,Gas Flare,1.6,1.6,302.05,0.0,1.0
23.83,84.57,1,1,False,,Unnamed Facility,15.060270201986253,Wildfire,1.88,1.88,305.89,0.0,1.0
23.84,85.47,1,1,True,Unnamed Facility,Unnamed Facility,1.5906387468282095,Gas Flare,1.6,1.6,301.33,0.0,1.0
24.01,96.12,1,1,False,,နမ်းခမ်း  သစ်ကွင်း,25.09476906738259,Wildfire,2.33,2.33,332.91,0.0,0.0
24.07,72.25,1,1,False,,Unnamed Facility,7.170083003492823,Wildfire,1.4,1.4,330.15,0.0,0.0
24.14,82.59,1,1,False,,Unnamed Facility,4.252662491790473,Wildfire,2.22,2.22,313.35,0.0,1.0
24.15,82.66,1,1,True,Field WorkShop,Field WorkShop,1.3362291787022282,Gas Flare,0.69,0.69,301.21,0.0,1.0
24.16,82.56,2,2,False,,Unnamed Facility,4.745415581056109,Wildfire,1.1949999999999998,1.43,309.02,0.3323401871576774,1.0
24.16,82.57,2,2,False,,Unnamed Facility,4.390957585021649,Wildfire,2.2,3.44,319.045,1.7536248173426376,0.5
24.18,82.64,1,1,True,Unnamed Facility,Unnamed Facility,1.7012792854587442,Gas Flare,0.65,0.65,304.68,0.0,1.0
24.18,82.66,2,2,True,Unnamed Facility,Unnamed Facility,1.2590936413199283,Gas Flare,1.1949999999999998,1.4,305.57,0.2899137802864845,1.0
24.2,82.71,2,3,True,Unnamed Facility,Unnamed Facility,0.4824605304080408,Gas Flare,1.0233333333333334,1.32,303.50666666666666,0.4301550108197431,1.0
24.2,82.72,1,1,True,Unnamed Facility,Unnamed Facility,1.3157597912755257,Gas Flare,1.09,1.09,306.47,0.0,1.0
24.21,82.71,2,2,True,Unnamed Facility,Unnamed Facility,1.584189434718247,Gas Flare,1.145,1.6,304.985,0.6434671708797584,1.0
24.26,96.54,1,1,False,,Unnamed Facility,8.90459427404521,Wildfire,9.92,9.92,347.19,0.0,0.0
24.31,85.42,1,1,False,,Unnamed Facility,5.842048061687203,Wildfire,0.75,0.75,303.75,0.0,1.0
24.45,83.04,1,1,True,Cement Factory,Cement Factory,0.051894076615415,Gas Flare,0.66,0.66,300.77,0.0,1.0
24.68,68.23,1,1,False,,Unnamed Facility,7.416404040830904,Wildfire,3.29,3.29,337.51,0.0,0.0
24.69,73.0,1,1,True,Unnamed Facility,Unnamed Facility,0.3822738946369916,Gas Flare,1.28,1.28,312.77,0.0,1.0
24.72,96.31,1,1,False,,ကျောက်ခွဲစက်,11.390024571280456,Wildfire,1.73,1.73,334.03,0.0,0.0
24.76,74.61,2,3,True,TPP Aditya Cement Works UltraTech Cement Works,TPP Aditya Cement Works UltraTech Cement Works,0.5763622375834261,Gas Flare,1.3499999999999999,2.03,303.47333333333336,0.5888972745734182,1.0
24.81,68.12,1,1,False,,Unnamed Facility,12.230734843986612,Wildfire,28.36,28.36,354.71,0.0,0.0
24.82,73.09,1,2,True,Binani Cement,Binani Cement,0.4253345330883749,Gas Flare,0.74,0.74,306.36,0.0,1.0
24.89,68.01,1,1,False,,Unnamed Facility,16.855799131030047,Wildfire,4.46,4.46,343.55,0.0,0.0
25.02,68.23,1,2,False,,Unnamed Facility,8.124296414990352,Wildfire,5.81,7.97,340.015,3.0547012947258847,0.0
25.3,68.12,1,1,False,,Unnamed Facility,5.019112026099984,Wildfire,4.74,4.74,341.06,0.0,0.0
25.39,68.58,4,7,True,Kunnar LPG Plant & Oil Field,Kunnar LPG Plant & Oil Field,0.6293652211886176,Gas Flare,1.8828571428571428,3.44,313.82142857142856,0.9021218374054636,1.0
25.52,68.55,1,1,False,,Kausar Gas,6.143241337531896,Wildfire,0.55,0.55,309.65,0.0,1.0
25.58,68.63,1,1,False,,Kausar Gas,10.93546441713204,Wildfire,3.84,3.84,331.53,0.0,0.0
25.71,73.58,1,1,False,,Unnamed Facility,26.704435697044563,Wildfire,2.5,2.5,331.75,0.0,0.0
25.98,73.42,1,1,False,,Pali Industrial Area Phase 2,22.32875217543217,Wildfire,5.6,5.6,340.25,0.0,0.0
25.98,93.57,1,1,False,,Unnamed Facility,13.711935686355629,Wildfire,3.67,3.67,331.22,0.0,0.0
26.1,68.88,1,1,False,,Unnamed Facility,10.727784661334145,Wildfire,0.9,0.9,306.77,0.0,1.0
26.11,68.95,1,2,False,,Unnamed Facility,7.229145191626961,Wildfire,3.9000000000000004,5.33,336.42999999999995,2.022325394193526,0.0
26.15,68.6,1,1,False,,NawabShah Railway Station,23.417052988640208,Wildfire,6.53,6.53,340.16,0.0,0.0
26.62,68.16,1,1,False,,Pad Adan Railway Station,22.29397169073218,Wildfire,10.62,10.62,343.67,0.0,0.0
26.64,72.26,1,1,False,,Godelai,30.917550416426565,Wildfire,3.86,3.86,339.78,0.0,0.0
26.76,83.2,1,1,False,,Jute Mills,2.534496154717924,Wildfire,1.1,1.1,303.4,0.0,1.0
26.77,94.51,1,1,False,,Unnamed Facility,7.477131188975223,Wildfire,1.96,1.96,303.98,0.0,1.0
27.14,72.44,1,1,False,,Unnamed Facility,2.0647025717448164,Wildfire,1.99,1.99,335.03,0.0,0.0
27.31,95.27,1,1,False,,Unnamed Facility,3.523472160993029,Wildfire,0.36,0.36,304.05,0.0,1.0
27.32,95.27,3,3,False,,Unnamed Facility,2.7988625000080214,Wildfire,1.86,3.22,313.58,1.1981652640600127,1.0
27.32,95.28,1,1,True,Unnamed Facility,Unnamed Facility,1.954672471475396,Gas Flare,0.88,0.88,305.5,0.0,1.0
27.38,95.33,1,2,True,Unnamed Facility,Unnamed Facility,0.4474985780569631,Gas Flare,0.765,1.04,307.755,0.38890872965260115,1.0
27.38,95.34,2,2,True,Unnamed Facility,Unnamed Facility,0.7357223817374602,Gas Flare,0.895,0.94,307.575,0.06363961030678922,1.0
27.46,95.48,1,1,False,,Unnamed Facility,4.485490572841189,Wildfire,0.45,0.45,301.79,0.0,1.0
27.6,95.4,1,1,False,,Unnamed Facility,10.670228096597,Wildfire,0.71,0.71,302.75,0.0,1.0
27.64,69.48,1,1,False,,Unnamed Facility,13.361521125667602,Wildfire,2.23,2.23,340.12,0.0,0.0
27.65,68.46,1,1,False,,Larkana Railway Station,30.121800110752144,Wildfire,4.34,4.34,345.47,0.0,0.0
27.86,95.18,1,2,False,,Unnamed Facility,35.08216262456433,Wildfire,1.875,2.18,328.20500000000004,0.43133513652379396,0.0
27.87,96.93,1,1,False,,Khangkio Tea Factory,87.33956501274454,Wildfire,13.81,13.81,355.9,0.0,0.0
27.88,96.92,1,2,False,,Khangkio Tea Factory,86.35877343888956,Wildfire,9.725,13.81,341.45000000000005,5.777062402294093,0.0
27.88,96.93,1,1,False,,Khangkio Tea Factory,87.46295510358604,Wildfire,5.9,5.9,340.0,0.0,0.0
27.93,69.85,1,2,False,,Foundation Power Company,20.43633219610705,Wildfire,2.71,2.71,344.925,0.0,0.0
27.94,69.72,1,1,False,,Foundation Power Company,6.871108658952429,Wildfire,0.66,0.66,309.45,0.0,1.0
27.95,95.26,1,1,False,,Unnamed Facility,45.37320465729388,Wildfire,2.75,2.75,332.5,0.0,0.0
27.96,96.95,1,1,False,,Khangkio Tea Factory,91.11872951626113,Wildfire,5.26,5.26,334.77,0.0,0.0
27.96,96.96,1,1,False,,Khangkio Tea Factory,92.20613982412806,Wildfire,5.26,5.26,328.12,0.0,0.0
27.97,68.93,1,1,False,,بکری پاکستان آئل ڈپو,12.073204220418232,Wildfire,3.99,3.99,342.52,0.0,0.0
28.04,69.67,2,2,True,Unnamed Facility,Unnamed Facility,0.362377186442947,Gas Flare,3.05,4.14,322.21500000000003,1.5414927829866734,0.5
28.35,77.23,2,2,False,,Unnamed Facility,2.516710931211976,Wildfire,1.12,1.68,309.56,0.7919595949289332,1.0
28.37,77.23,1,1,True,Unnamed Facility,Unnamed Facility,0.4851898334142303,Gas Flare,0.97,0.97,312.87,0.0,1.0
28.42,69.7,2,2,True,Guddu Thermal Power Station,Guddu Thermal Power Station,0.9998898199547962,Gas Flare,2.6399999999999997,3.82,323.685,1.668772003600252,0.5
28.43,69.7,1,1,True,Guddu Thermal Power Station,Guddu Thermal Power Station,0.2831459061976561,Gas Flare,1.2,1.2,313.48,0.0,1.0
28.45,68.15,1,1,False,,Dera Murad Jamali Railway Station,13.45005143410666,Wildfire,24.53,24.53,334.81,0.0,0.0
28.57,96.95,1,2,False,,Unnamed Facility,115.76515330513568,Wildfire,2.085,3.32,310.63,1.7465537495307721,0.5
28.66,77.57,1,1,True,Unnamed Facility,Unnamed Facility,0.5256488458932217,Gas Flare,3.21,3.21,338.07,0.0,0.0
28.66,77.58,1,1,True,Unnamed Facility,Unnamed Facility,0.4047211352785953,Gas Flare,0.67,0.67,306.46,0.0,1.0
28.85,77.15,1,1,False,,Unnamed Facility,2.3729092316072653,Wildfire,0.72,0.72,306.37,0.0,1.0
29.19,88.53,1,1,False,,Unnamed Facility,18.89849085371333,Wildfire,2.61,2.61,326.49,0.0,0.0
29.24,91.86,1,1,False,,Unnamed Facility,3.851648448115402,Wildfire,3.18,3.18,330.81,0.0,0.0
29.25,91.86,1,1,False,,Unnamed Facility,3.205053679481209,Wildfire,2.42,2.42,328.58,0.0,0.0
29.29,88.91,1,1,False,,Unnamed Facility,2.2802541698957253,Wildfire,2.5,2.5,325.44,0.0,0.0
29.33,69.01,1,1,False,,Unnamed Facility,41.55223002786567,Wildfire,3.84,3.84,344.38,0.0,0.0
29.34,69.02,1,1,False,,Unnamed Facility,42.53905261350817,Wildfire,5.51,5.51,338.2,0.0,0.0
29.47,76.86,1,1,True,Unnamed Facility,Unnamed Facility,0.3892892077654025,Gas Flare,1.33,1.33,305.54,0.0,1.0
29.48,76.86,2,3,True,Unnamed Facility,Unnamed Facility,1.4788370705478977,Gas Flare,1.68,2.08,316.90333333333336,0.692820323027551,1.0
29.8,72.78,1,1,False,,Gulabka Cotton Factory,25.621101605214,Wildfire,4.92,4.92,337.49,0.0,0.0
29.82,72.85,1,1,False,,Unnamed Facility,24.5332317814396,Wildfire,2.06,2.06,337.52,0.0,0.0
29.9,74.95,1,1,False,,Guru Gobind Singh Refinery,2.0356451966729487,Wildfire,6.0,6.0,311.45,0.0,1.0
29.91,74.94,1,1,True,Guru Gobind Singh Refinery,Guru Gobind Singh Refinery,1.636221696514197,Gas Flare,10.9,10.9,303.98,0.0,1.0
29.91,74.95,3,10,True,Guru Gobind Singh Refinery,Guru Gobind Singh Refinery,0.9419079447711518,Gas Flare,10.912,16.71,343.325,4.012097816465706,0.6
29.91,74.96,1,2,True,Guru Gobind Singh Refinery,Guru Gobind Singh Refinery,1.2530052094868138,Gas Flare,7.38,8.76,308.32,1.951614716074871,1.0
29.94,69.95,1,1,False,,Unnamed Facility,16.752253996940706,Wildfire,3.81,3.81,337.32,0.0,0.0
30.07,96.98,1,1,False,,Unnamed Facility,21.48188631720289,Wildfire,1.37,1.37,301.81,0.0,1.0
30.33,71.98,1,1,True,Unnamed Facility,Unnamed Facility,1.20067641954887,Gas Flare,5.02,5.02,338.09,0.0,0.0
30.47,71.74,1,1,False,,Unnamed Facility,13.726485628000594,Wildfire,3.21,3.21,331.0,0.0,0.0
30.6,73.65,1,1,True,Unnamed Facility,Unnamed Facility,1.0129144051336665,Gas Flare,2.55,2.55,335.72,0.0,0.0
30.68,73.86,1,1,False,,Unnamed Facility,5.641395729076919,Wildfire,5.51,5.51,333.71,0.0,0.0
30.84,72.17,1,1,False,,Unnamed Facility,8.250151609726965,Wildfire,2.38,2.38,331.87,0.0,0.0
31.2,72.16,1,1,False,,Trimmu Hydropower Project,6.340329338825303,Wildfire,1.24,1.24,330.81,0.0,0.0
31.21,73.73,1,3,False,,Unnamed Facility,12.02539537673995,Wildfire,6.073333333333333,8.31,331.0933333333333,1.9381004445934518,0.0
31.21,75.97,1,1,False,,Unnamed Facility,4.752176692363714,Wildfire,2.47,2.47,329.07,0.0,0.0
31.23,75.08,1,1,False,,Unnamed Facility,8.79359140638211,Wildfire,4.59,4.59,335.64,0.0,0.0
31.25,76.93,1,1,True,Ambuja Cements Limited,Ambuja Cements Limited,0.2905322058313584,Gas Flare,0.57,0.57,306.11,0.0,1.0
31.26,74.14,1,1,True,Unnamed Facility,Unnamed Facility,0.6073920309244367,Gas Flare,1.21,1.21,309.7,0.0,1.0
31.26,74.15,1,1,True,Unnamed Facility,Unnamed Facility,0.0644723814693427,Gas Flare,3.55,3.55,331.24,0.0,0.0
31.26,76.93,1,2,True,Ambuja Cements Limited,Ambuja Cements Limited,0.8468267364266875,Gas Flare,1.195,1.48,299.115,0.403050865276332,1.0
31.32,72.16,1,1,False,,Unnamed Facility,19.1016984260554,Wildfire,3.46,3.46,335.37,0.0,0.0
31.33,72.16,1,1,False,,Unnamed Facility,18.51747414873183,Wildfire,2.1,2.1,333.78,0.0,0.0
31.34,72.16,1,1,False,,Unnamed Facility,17.983094207622386,Wildfire,3.64,3.64,333.87,0.0,0.0
31.37,76.35,1,1,True,Unnamed Facility,Unnamed Facility,0.417116029231673,Gas Flare,2.46,2.46,311.15,0.0,1.0
31.37,76.36,1,1,True,National Fertilizers Limited,National Fertilizers Limited,0.5047442557748497,Gas Flare,0.89,0.89,303.33,0.0,1.0
31.46,72.14,1,1,False,,Unnamed Facility,14.697155970961978,Wildfire,2.5,2.5,337.01,0.0,0.0
31.58,72.38,1,1,False,,Shakarganj Limited (SML) II Bhone,25.50612923301337,Wildfire,5.83,5.83,337.86,0.0,0.0
31.68,72.21,1,1,False,,Shakarganj Limited (SML) II Bhone,12.182122587092357,Wildfire,4.36,4.36,336.61,0.0,0.0
31.73,74.49,1,1,False,,Unnamed Facility,11.681517047900671,Wildfire,4.36,4.36,340.17,0.0,0.0
32.09,74.16,1,1,True,Unnamed Facility,Unnamed Facility,1.883300817826011,Gas Flare,1.04,1.04,308.97,0.0,1.0
32.1,74.18,1,1,True,Unnamed Facility,Unnamed Facility,1.4738829311405512,Gas Flare,0.92,0.92,307.41,0.0,1.0
32.13,74.18,1,1,True,Unnamed Facility,Unnamed Facility,0.7117227308069759,Gas Flare,1.06,1.06,306.48,0.0,1.0
32.25,73.93,1,1,False,,Unnamed Facility,6.161908092188842,Wildfire,3.62,3.62,332.01,0.0,0.0
32.29,70.74,2,2,True,Lucky Cement Pezu,Lucky Cement Pezu,0.2876006325717792,Gas Flare,1.165,1.54,305.24,0.5303300858899106,1.0
32.3,74.32,1,1,True,Daska | Punjab Small Industries Corporation,Daska | Punjab Small Industries Corporation,1.1957619178365868,Gas Flare,1.27,1.27,305.12,0.0,1.0
32.43,71.37,1,1,True,Chashma Barrage Hydro,Chashma Barrage Hydro,0.618810651296178,Gas Flare,6.24,6.24,345.57,0.0,0.0
32.57,72.56,1,1,True,Zaman Cement Factory,Zaman Cement Factory,0.6127671941968548,Gas Flare,1.3,1.3,307.12,0.0,1.0
32.58,72.56,1,1,True,Zaman Cement Factory,Zaman Cement Factory,0.7717307708970519,Gas Flare,2.15,2.15,311.11,0.0,1.0
32.65,70.47,1,1,False,,Unnamed Facility,40.31949562942183,Wildfire,1.39,1.39,306.08,0.0,1.0
32.65,70.48,2,2,False,,Unnamed Facility,39.95331008305525,Wildfire,0.86,1.39,306.43,0.7495331880577404,1.0
32.66,70.47,1,1,False,,Unnamed Facility,39.21255116144453,Wildfire,2.55,2.55,316.42,0.0,1.0
32.72,72.93,2,2,True,بیسٹ وے سیمنٹ فیکٹری,بیسٹ وے سیمنٹ فیکٹری,0.3591842267483303,Gas Flare,0.53,0.68,304.585,0.21213203435596428,1.0
33.2,70.48,1,1,True,KAITU WEIR PROJECT,KAITU WEIR PROJECT,0.936754426110329,Gas Flare,6.6,6.6,347.8,0.0,0.0
33.21,70.47,1,1,True,KAITU WEIR PROJECT,KAITU WEIR PROJECT,0.7876424496464007,Gas Flare,4.15,4.15,343.24,0.0,0.0
33.3,71.18,1,1,True,Banda Dawood Shah Oil Facility,Banda Dawood Shah Oil Facility,1.1266304078898004,Gas Flare,1.13,1.13,301.95,0.0,1.0
33.3,71.19,3,3,True,Banda Dawood Shah Oil Facility,Banda Dawood Shah Oil Facility,0.3156456685558036,Gas Flare,1.0266666666666666,1.15,302.1066666666666,0.19655363983740748,1.0
33.37,70.31,1,1,False,,Unnamed Facility,7.427004646385598,Wildfire,3.7,3.7,342.48,0.0,0.0
33.55,71.55,1,1,True,کوہاٹ سیمنٹ فیکٹری,کوہاٹ سیمنٹ فیکٹری,0.2285824670837415,Gas Flare,1.04,1.04,305.69,0.0,1.0
33.69,72.71,2,2,True,فوجی سیمنٹ,فوجی سیمنٹ,0.2825671878429174,Gas Flare,0.8400000000000001,0.92,307.245,0.11313708498984766,1.0
33.8,72.1,1,1,True,Unnamed Facility,Unnamed Facility,0.5295362844520513,Gas Flare,0.66,0.66,303.68,0.0,1.0
34.09,72.01,1,1,True,رسالپور ایکسپورٹ پراسیسنگ زون,رسالپور ایکسپورٹ پراسیسنگ زون,1.7194258793955886,Gas Flare,3.05,3.05,335.65,0.0,0.0
34.1,72.01,1,1,True,رسالپور ایکسپورٹ پراسیسنگ زون,رسالپور ایکسپورٹ پراسیسنگ زون,1.7433704222203832,Gas Flare,3.05,3.05,339.02,0.0,0.0
35.82,68.37,1,1,False,,Unnamed Facility,28.366415972908,Wildfire,1.06,1.06,331.82,0.0,0.0
35.83,68.37,1,1,False,,Unnamed Facility,29.46100631721104,Wildfire,1.69,1.69,333.69,0.0,0.0
35.97,68.68,1,1,True,Unnamed Facility,Unnamed Facility,0.8209862442934767,Gas Flare,1.37,1.37,303.76,0.0,1.0
35.97,68.69,1,3,True,Unnamed Facility,Unnamed Facility,0.4255907555999164,Gas Flare,0.9199999999999999,1.28,298.82666666666665,0.3157530680769389,1.0
36.35,95.23,1,1,True,Unnamed Facility,Unnamed Facility,0.9352830179060676,Gas Flare,7.5,7.5,345.86,0.0,0.0
36.35,95.24,1,1,True,Unnamed Facility,Unnamed Facility,0.7570445025875842,Gas Flare,8.54,8.54,341.05,0.0,0.0
36.36,95.23,1,2,True,Unnamed Facility,Unnamed Facility,0.9345244177623164,Gas Flare,4.67,4.67,346.305,0.0,0.0
36.36,95.24,1,1,True,Unnamed Facility,Unnamed Facility,0.3928576602670657,Gas Flare,8.53,8.53,348.36,0.0,0.0
36.38,95.11,1,1,True,Unnamed Facility,Unnamed Facility,0.3166872757724107,Gas Flare,12.39,12.39,353.38,0.0,0.0
36.96,81.34,1,1,False,,Unnamed Facility,6.565715520132842,Wildfire,3.38,3.38,347.42,0.0,0.0
36.96,81.35,1,1,False,,Unnamed Facility,7.040328705632777,Wildfire,3.38,3.38,341.74,0.0,0.0
36.97,81.35,1,3,False,,Unnamed Facility,8.02737438643575,Wildfire,2.94,2.94,341.6566666666667,0.0,0.0
