latitude,longitude,bright_ti4,scan,track,acq_date,acq_time,satellite,instrument,confidence,version,bright_ti5,frp,daynight
12.75382,92.88086,332.85,0.44,0.46,2026-09-04,654,N,VIIRS,n,2.0NRT,284.25,2.49,D
23.90077,97.88943,332.03,0.4,0.37,2026-09-04,657,N,VIIRS,n,2.0NRT,295.02,2.14,D
24.00891,96.12032,332.91,0.38,0.36,2026-09-04,657,N,VIIRS,n,2.0NRT,294.47,2.33,D
24.25894,96.54393,347.19,0.39,0.36,2026-09-04,657,N,VIIRS,n,2.0NRT,296.6,9.92,D
24.64905,97.89011,332.12,0.41,0.37,2026-09-04,657,N,VIIRS,n,2.0NRT,293.5,3.67,D
24.71857,96.31367,334.03,0.38,0.36,2026-09-04,657,N,VIIRS,n,2.0NRT,294.78,1.73,D
28.48777,97.02752,336.61,0.41,0.37,2026-09-04,659,N,VIIRS,n,2.0NRT,295.07,4.09,D
28.49742,97.02155,333.49,0.41,0.37,2026-09-04,659,N,VIIRS,n,2.0NRT,298.42,4.7,D
28.49797,97.02557,333.53,0.41,0.37,2026-09-04,659,N,VIIRS,n,2.0NRT,299.23,4.68,D
28.50761,97.01961,334.19,0.41,0.37,2026-09-04,659,N,VIIRS,n,2.0NRT,295.9,4.56,D
28.57115,96.95303,325.85,0.41,0.37,2026-09-04,659,N,VIIRS,l,2.0NRT,298.89,3.32,D
29.18748,88.53117,326.49,0.42,0.45,2026-09-04,659,N,VIIRS,n,2.0NRT,296.03,2.61,D
29.24429,91.86042,330.81,0.43,0.38,2026-09-04,659,N,VIIRS,l,2.0NRT,302.07,3.18,D
29.2485,91.86387,328.58,0.43,0.38,2026-09-04,659,N,VIIRS,l,2.0NRT,302.51,2.42,D
29.29299,88.90841,325.44,0.4,0.44,2026-09-04,659,N,VIIRS,n,2.0NRT,291.36,2.5,D
36.3825,95.11243,353.38,0.41,0.37,2026-09-04,659,N,VIIRS,n,2.0NRT,316.06,12.39,D
36.35168,95.24467,341.05,0.42,0.37,2026-09-04,701,N,VIIRS,l,2.0NRT,315.12,8.54,D
36.35387,95.23476,345.86,0.42,0.37,2026-09-04,701,N,VIIRS,n,2.0NRT,315.2,7.5,D
36.3573,95.23409,348.6,0.42,0.37,2026-09-04,701,N,VIIRS,n,2.0NRT,314.56,4.67,D
36.35792,95.2387,348.36,0.42,0.37,2026-09-04,701,N,VIIRS,n,2.0NRT,314.77,8.53,D
36.36073,95.23341,344.01,0.42,0.37,2026-09-04,701,N,VIIRS,l,2.0NRT,315.63,4.67,D
6.34224,81.12547,337.03,0.46,0.47,2026-09-04,833,N,VIIRS,n,2.0NRT,295.21,3.7,D
6.42538,81.01639,342.32,0.45,0.47,2026-09-04,833,N,VIIRS,n,2.0NRT,296.99,5.43,D
6.42972,81.01575,342.18,0.45,0.47,2026-09-04,833,N,VIIRS,n,2.0NRT,295.81,5.43,D
6.47065,81.08218,333.3,0.46,0.47,2026-09-04,833,N,VIIRS,n,2.0NRT,296.32,3.72,D
6.5269,80.76523,332.45,0.44,0.46,2026-09-04,833,N,VIIRS,n,2.0NRT,296.05,4.39,D
6.66989,80.91605,331.85,0.45,0.47,2026-09-04,833,N,VIIRS,n,2.0NRT,292.44,0.71,D
6.71661,81.32898,331,0.48,0.48,2026-09-04,833,N,VIIRS,n,2.0NRT,297.83,2.4,D
6.73734,81.53592,331.56,0.5,0.49,2026-09-04,833,N,VIIRS,n,2.0NRT,298.8,6.56,D
6.75082,81.39299,339.34,0.49,0.48,2026-09-04,833,N,VIIRS,n,2.0NRT,300.3,6.91,D
6.79404,81.53845,348.92,0.5,0.49,2026-09-04,833,N,VIIRS,n,2.0NRT,298.5,7.82,D
6.79797,81.46822,337.38,0.49,0.49,2026-09-04,833,N,VIIRS,n,2.0NRT,299.97,4.24,D
6.82711,81.33308,341.55,0.48,0.48,2026-09-04,833,N,VIIRS,n,2.0NRT,295.5,7.18,D
6.82874,81.33171,343.08,0.48,0.48,2026-09-04,833,N,VIIRS,n,2.0NRT,294.95,6.6,D
6.83144,81.47736,335.68,0.49,0.49,2026-09-04,833,N,VIIRS,n,2.0NRT,297.76,2.68,D
6.90904,81.66004,336.95,0.51,0.49,2026-09-04,833,N,VIIRS,n,2.0NRT,299.85,8.05,D
6.97485,81.5989,342.62,0.51,0.49,2026-09-04,833,N,VIIRS,n,2.0NRT,295.51,9.27,D
7.20339,81.01457,333.96,0.47,0.47,2026-09-04,833,N,VIIRS,n,2.0NRT,299.99,6.32,D
7.30575,81.13636,334.07,0.48,0.48,2026-09-04,833,N,VIIRS,n,2.0NRT,300.21,5.23,D
7.3628,81.3008,344.12,0.49,0.49,2026-09-04,833,N,VIIRS,n,2.0NRT,301.41,7.25,D
7.36553,81.29984,340.27,0.49,0.49,2026-09-04,833,N,VIIRS,n,2.0NRT,300.73,6.37,D
7.38462,79.87064,333.64,0.4,0.44,2026-09-04,833,N,VIIRS,n,2.0NRT,294.39,2.9,D
7.38789,81.28361,332.09,0.49,0.49,2026-09-04,833,N,VIIRS,n,2.0NRT,299.24,2.35,D
7.38853,81.28822,331.69,0.49,0.49,2026-09-04,833,N,VIIRS,n,2.0NRT,299.87,5.15,D
7.39238,81.28298,336.26,0.49,0.49,2026-09-04,833,N,VIIRS,n,2.0NRT,301.27,5.24,D
7.39301,81.28756,330.06,0.49,0.49,2026-09-04,833,N,VIIRS,n,2.0NRT,298.42,5.67,D
7.44182,81.24464,339.51,0.49,0.48,2026-09-04,833,N,VIIRS,n,2.0NRT,299.69,10.35,D
7.4431,81.25359,339.75,0.49,0.48,2026-09-04,833,N,VIIRS,n,2.0NRT,300.47,11.29,D
7.44566,81.23956,342.28,0.49,0.48,2026-09-04,833,N,VIIRS,n,2.0NRT,298.32,7.04,D
7.44629,81.24397,349.63,0.49,0.48,2026-09-04,833,N,VIIRS,n,2.0NRT,299.79,10.35,D
7.51962,81.10014,336.58,0.48,0.48,2026-09-04,833,N,VIIRS,l,2.0NRT,307.4,13.33,D
7.61087,80.83186,332.6,0.46,0.47,2026-09-04,833,N,VIIRS,n,2.0NRT,297.87,3.4,D
7.65727,80.49637,331.97,0.44,0.46,2026-09-04,833,N,VIIRS,n,2.0NRT,293.6,1.91,D
7.66027,79.91571,330.12,0.4,0.44,2026-09-04,835,N,VIIRS,n,2.0NRT,294.01,4.3,D
7.69514,80.13086,343.92,0.42,0.45,2026-09-04,835,N,VIIRS,n,2.0NRT,297.8,5.45,D
7.71052,79.86343,340.21,0.4,0.44,2026-09-04,835,N,VIIRS,n,2.0NRT,296.07,3.6,D
7.81016,79.9166,332.62,0.4,0.45,2026-09-04,835,N,VIIRS,n,2.0NRT,295.79,1.78,D
7.81069,79.92027,342.74,0.4,0.45,2026-09-04,835,N,VIIRS,n,2.0NRT,295.29,3.19,D
7.81293,79.91923,345.57,0.4,0.45,2026-09-04,835,N,VIIRS,n,2.0NRT,296.55,6.83,D
7.87883,79.93985,335.54,0.41,0.45,2026-09-04,835,N,VIIRS,n,2.0NRT,295.96,2.72,D
7.87908,80.031,338.52,0.41,0.45,2026-09-04,835,N,VIIRS,n,2.0NRT,295.46,3.08,D
7.91133,80.55552,335.04,0.45,0.47,2026-09-04,835,N,VIIRS,n,2.0NRT,297.49,7.07,D
7.91191,80.55957,342.84,0.45,0.47,2026-09-04,835,N,VIIRS,n,2.0NRT,297.71,7.48,D
7.91323,80.55524,342.53,0.45,0.47,2026-09-04,835,N,VIIRS,n,2.0NRT,298.03,8.63,D
7.91379,80.5593,342.55,0.45,0.47,2026-09-04,835,N,VIIRS,n,2.0NRT,297.88,10.66,D
7.94364,80.12633,338.53,0.42,0.45,2026-09-04,835,N,VIIRS,n,2.0NRT,297.3,5.19,D
7.94419,80.13013,341.27,0.42,0.45,2026-09-04,835,N,VIIRS,n,2.0NRT,298.15,7.55,D
7.94493,80.62585,332.78,0.45,0.47,2026-09-04,835,N,VIIRS,n,2.0NRT,295.73,3.01,D
7.94517,80.04884,338.79,0.41,0.45,2026-09-04,835,N,VIIRS,n,2.0NRT,297.75,4.21,D
7.94696,80.04915,331.12,0.41,0.45,2026-09-04,835,N,VIIRS,n,2.0NRT,297.29,2.16,D
7.94782,80.12575,342.94,0.42,0.45,2026-09-04,835,N,VIIRS,n,2.0NRT,297.71,5.19,D
7.94837,80.12955,345.31,0.42,0.45,2026-09-04,835,N,VIIRS,n,2.0NRT,297.84,7.55,D
7.9495,79.85543,339.74,0.4,0.44,2026-09-04,835,N,VIIRS,n,2.0NRT,294.86,3.96,D
7.96289,81.33191,344.81,0.5,0.49,2026-09-04,835,N,VIIRS,n,2.0NRT,299.96,8.43,D
7.99274,80.41392,330.55,0.44,0.46,2026-09-04,835,N,VIIRS,n,2.0NRT,296.14,6.58,D
7.9936,80.4128,334.52,0.44,0.46,2026-09-04,835,N,VIIRS,n,2.0NRT,296.86,3.91,D
7.99599,81.46941,337.55,0.51,0.5,2026-09-04,835,N,VIIRS,n,2.0NRT,298.29,5.83,D
8.00805,80.60468,330.09,0.45,0.47,2026-09-04,835,N,VIIRS,n,2.0NRT,294.71,1.61,D
8.01845,80.61577,330.07,0.45,0.47,2026-09-04,835,N,VIIRS,n,2.0NRT,296.47,2.8,D
8.02105,80.30539,335.51,0.43,0.46,2026-09-04,835,N,VIIRS,n,2.0NRT,297.65,3,D
8.02395,80.62332,343.11,0.45,0.47,2026-09-04,835,N,VIIRS,n,2.0NRT,298.45,9.3,D
8.02528,80.62028,342.88,0.45,0.47,2026-09-04,835,N,VIIRS,n,2.0NRT,298.2,6.82,D
8.05665,80.10335,334.82,0.42,0.45,2026-09-04,835,N,VIIRS,n,2.0NRT,297.08,2.21,D
8.12243,80.51514,334.58,0.45,0.47,2026-09-04,835,N,VIIRS,n,2.0NRT,295.56,6.02,D
8.14543,80.06309,331.23,0.42,0.45,2026-09-04,835,N,VIIRS,n,2.0NRT,290.64,2.4,D
8.17443,81.31121,351.92,0.5,0.49,2026-09-04,835,N,VIIRS,n,2.0NRT,300.89,14.58,D
8.20822,80.68834,330.26,0.46,0.47,2026-09-04,835,N,VIIRS,n,2.0NRT,298.38,4.09,D
8.22253,81.08371,336.55,0.49,0.48,2026-09-04,835,N,VIIRS,n,2.0NRT,298.69,5.88,D
8.23714,80.64191,331.67,0.46,0.47,2026-09-04,835,N,VIIRS,n,2.0NRT,298.18,2.94,D
8.23842,80.64211,339.6,0.46,0.47,2026-09-04,835,N,VIIRS,n,2.0NRT,298.6,7.04,D
8.24209,80.64552,337.12,0.46,0.47,2026-09-04,835,N,VIIRS,n,2.0NRT,298.69,6.02,D
8.2431,80.11183,330.25,0.42,0.45,2026-09-04,835,N,VIIRS,n,2.0NRT,297.73,1.97,D
8.25259,80.78128,338.93,0.47,0.47,2026-09-04,835,N,VIIRS,n,2.0NRT,298.25,5.12,D
8.25285,80.78179,331.85,0.47,0.47,2026-09-04,835,N,VIIRS,n,2.0NRT,297.88,6.36,D
8.25512,80.10616,343.26,0.42,0.45,2026-09-04,835,N,VIIRS,n,2.0NRT,297.74,4.31,D
8.27044,80.33495,332.14,0.44,0.46,2026-09-04,835,N,VIIRS,n,2.0NRT,298.82,3.03,D
8.31202,80.59825,332.09,0.45,0.47,2026-09-04,835,N,VIIRS,n,2.0NRT,295.22,5.69,D
8.31947,80.29152,342.47,0.43,0.46,2026-09-04,835,N,VIIRS,n,2.0NRT,298.99,8.9,D
8.324,80.23045,345.94,0.43,0.46,2026-09-04,835,N,VIIRS,n,2.0NRT,300.71,7.54,D
8.33193,80.77122,333.02,0.47,0.47,2026-09-04,835,N,VIIRS,n,2.0NRT,294.04,1.65,D
8.35027,80.74276,336.8,0.46,0.47,2026-09-04,835,N,VIIRS,n,2.0NRT,298,14.51,D
8.35087,80.747,343.16,0.46,0.47,2026-09-04,835,N,VIIRS,n,2.0NRT,298.9,19.72,D
8.35448,80.74238,340.73,0.47,0.47,2026-09-04,835,N,VIIRS,n,2.0NRT,297.7,7.01,D
8.35466,80.74216,336.97,0.46,0.47,2026-09-04,835,N,VIIRS,n,2.0NRT,297.85,8.59,D
8.35526,80.7464,333.87,0.46,0.47,2026-09-04,835,N,VIIRS,n,2.0NRT,295.91,5.61,D
8.38549,80.29862,330.45,0.44,0.46,2026-09-04,835,N,VIIRS,n,2.0NRT,299.96,2.31,D
8.38778,80.78993,330.12,0.47,0.48,2026-09-04,835,N,VIIRS,n,2.0NRT,297.13,6.16,D
8.40374,81.05544,341.59,0.49,0.48,2026-09-04,835,N,VIIRS,n,2.0NRT,298.29,8.74,D
8.40438,81.05991,341.87,0.49,0.48,2026-09-04,835,N,VIIRS,n,2.0NRT,298.07,4.67,D
8.40441,80.68349,332.62,0.46,0.47,2026-09-04,835,N,VIIRS,n,2.0NRT,294.1,1.64,D
8.40566,81.0557,342.53,0.49,0.48,2026-09-04,835,N,VIIRS,n,2.0NRT,298.34,9.69,D
8.40626,81.06018,334.05,0.49,0.48,2026-09-04,835,N,VIIRS,n,2.0NRT,298.29,8.49,D
8.41519,80.446,331.74,0.45,0.47,2026-09-04,835,N,VIIRS,n,2.0NRT,294.71,2.86,D
8.41545,80.41713,330.78,0.44,0.46,2026-09-04,835,N,VIIRS,n,2.0NRT,299.34,4.37,D
8.42824,80.5067,341.31,0.45,0.47,2026-09-04,835,N,VIIRS,n,2.0NRT,297.13,6.04,D
8.43036,80.50778,350.84,0.45,0.47,2026-09-04,835,N,VIIRS,n,2.0NRT,299.74,22.75,D
8.43084,80.35042,335.17,0.44,0.46,2026-09-04,835,N,VIIRS,n,2.0NRT,297.18,5.74,D
8.43256,80.50612,336.22,0.45,0.47,2026-09-04,835,N,VIIRS,n,2.0NRT,297.86,6.04,D
8.43315,80.51025,342.96,0.45,0.47,2026-09-04,835,N,VIIRS,n,2.0NRT,297.55,6.04,D
8.4458,80.23885,339.02,0.43,0.46,2026-09-04,835,N,VIIRS,n,2.0NRT,295.82,2.9,D
8.45281,81.09965,333.83,0.49,0.49,2026-09-04,835,N,VIIRS,n,2.0NRT,298.89,5.03,D
8.45517,80.40042,333.89,0.44,0.46,2026-09-04,835,N,VIIRS,n,2.0NRT,297.53,5.47,D
8.46493,80.50307,331.6,0.45,0.47,2026-09-04,835,N,VIIRS,n,2.0NRT,295.46,2.89,D
8.47596,80.45562,355.15,0.45,0.47,2026-09-04,835,N,VIIRS,n,2.0NRT,296.9,6.49,D
8.48686,80.47081,346.93,0.45,0.47,2026-09-04,835,N,VIIRS,n,2.0NRT,299.07,10.21,D
8.51423,80.24119,332.7,0.43,0.46,2026-09-04,835,N,VIIRS,n,2.0NRT,298.56,3.23,D
8.52532,80.4322,333.29,0.45,0.47,2026-09-04,835,N,VIIRS,n,2.0NRT,299.19,3.64,D
8.52704,80.43185,345.61,0.45,0.47,2026-09-04,835,N,VIIRS,n,2.0NRT,300.25,6.58,D
8.52962,80.43159,335.64,0.45,0.47,2026-09-04,835,N,VIIRS,n,2.0NRT,298.69,3.64,D
8.53881,80.8772,345.24,0.48,0.48,2026-09-04,835,N,VIIRS,n,2.0NRT,299.8,6.79,D
8.55367,80.37032,338.51,0.44,0.46,2026-09-04,835,N,VIIRS,n,2.0NRT,299.65,4.39,D
8.55657,80.87483,343.54,0.48,0.48,2026-09-04,835,N,VIIRS,n,2.0NRT,298.06,4.01,D
8.56465,80.90033,337.52,0.48,0.48,2026-09-04,835,N,VIIRS,n,2.0NRT,297.09,4.82,D
8.56527,80.90474,343.07,0.48,0.48,2026-09-04,835,N,VIIRS,n,2.0NRT,299.04,10.76,D
8.56614,80.39735,330.59,0.44,0.46,2026-09-04,835,N,VIIRS,n,2.0NRT,298.57,6.06,D
8.56671,80.40142,342.2,0.44,0.46,2026-09-04,835,N,VIIRS,n,2.0NRT,298.67,6.06,D
8.57884,80.78347,330.04,0.47,0.48,2026-09-04,835,N,VIIRS,n,2.0NRT,296.85,4.34,D
8.61746,77.98914,342.96,0.48,0.4,2026-09-04,835,N,VIIRS,n,2.0NRT,299.73,3.29,D
8.62053,80.69478,342.6,0.47,0.47,2026-09-04,835,N,VIIRS,n,2.0NRT,298.6,7.09,D
8.62115,80.41457,337.09,0.45,0.47,2026-09-04,835,N,VIIRS,n,2.0NRT,299.92,6.37,D
8.62399,80.37293,336.9,0.44,0.46,2026-09-04,835,N,VIIRS,n,2.0NRT,297.95,4.39,D
8.62594,80.79905,332.59,0.47,0.48,2026-09-04,835,N,VIIRS,n,2.0NRT,298.89,4.93,D
8.62652,80.37279,330.42,0.44,0.46,2026-09-04,835,N,VIIRS,n,2.0NRT,298.39,2.77,D
8.63034,80.41752,330.56,0.45,0.47,2026-09-04,835,N,VIIRS,n,2.0NRT,300.01,2.87,D
8.63077,80.51368,330.62,0.45,0.47,2026-09-04,835,N,VIIRS,n,2.0NRT,298.18,2.23,D
8.63132,81.00479,333.42,0.49,0.48,2026-09-04,835,N,VIIRS,n,2.0NRT,297.24,5.65,D
8.63193,81.00928,332.22,0.49,0.48,2026-09-04,835,N,VIIRS,n,2.0NRT,297.39,5.65,D
8.63581,81.0042,349.95,0.49,0.48,2026-09-04,835,N,VIIRS,n,2.0NRT,297.53,5.65,D
8.64029,81.00357,335.44,0.49,0.48,2026-09-04,835,N,VIIRS,n,2.0NRT,298.03,5.52,D
8.6409,81.00806,344.56,0.49,0.48,2026-09-04,835,N,VIIRS,n,2.0NRT,298.64,5.52,D
8.64538,81.00743,330.4,0.49,0.48,2026-09-04,835,N,VIIRS,n,2.0NRT,298.22,5.52,D
8.66234,80.83396,339.9,0.48,0.48,2026-09-04,835,N,VIIRS,n,2.0NRT,296.36,10.8,D
8.66597,77.40293,332.62,0.45,0.39,2026-09-04,835,N,VIIRS,l,2.0NRT,304.58,6.07,D
8.66727,80.25673,332.11,0.44,0.46,2026-09-04,835,N,VIIRS,n,2.0NRT,299.3,4.23,D
8.69263,80.37619,337.9,0.44,0.46,2026-09-04,835,N,VIIRS,n,2.0NRT,299.88,4.7,D
8.69724,80.86597,338.31,0.48,0.48,2026-09-04,835,N,VIIRS,n,2.0NRT,299.35,7.55,D
8.69836,80.86498,342.87,0.48,0.48,2026-09-04,835,N,VIIRS,n,2.0NRT,300.12,7.89,D
8.72472,80.76887,330.69,0.47,0.48,2026-09-04,835,N,VIIRS,n,2.0NRT,297.64,4.75,D
8.73204,77.86298,347.6,0.48,0.4,2026-09-04,835,N,VIIRS,n,2.0NRT,304,16.91,D
8.75154,80.99869,334.21,0.49,0.49,2026-09-04,835,N,VIIRS,n,2.0NRT,298.07,4.67,D
8.78943,80.33366,334.56,0.44,0.46,2026-09-04,835,N,VIIRS,n,2.0NRT,299.39,4.95,D
8.78999,80.3377,330.83,0.44,0.46,2026-09-04,835,N,VIIRS,n,2.0NRT,298.4,4.95,D
8.79438,80.59402,331.67,0.46,0.47,2026-09-04,835,N,VIIRS,n,2.0NRT,297.94,5.05,D
8.80461,80.57121,336.59,0.46,0.47,2026-09-04,835,N,VIIRS,n,2.0NRT,298.35,4.76,D
8.80897,80.57063,343.08,0.46,0.47,2026-09-04,835,N,VIIRS,n,2.0NRT,298.49,4.76,D
8.81464,77.83777,342.22,0.48,0.4,2026-09-04,835,N,VIIRS,n,2.0NRT,304.59,11.75,D
8.84638,77.70205,345.51,0.47,0.4,2026-09-04,835,N,VIIRS,n,2.0NRT,310.41,22.48,D
8.88569,77.40527,339.72,0.45,0.39,2026-09-04,835,N,VIIRS,n,2.0NRT,306.78,5.49,D
8.92698,80.77954,349.29,0.48,0.48,2026-09-04,835,N,VIIRS,n,2.0NRT,298.2,6.77,D
8.92773,77.46704,336.21,0.46,0.39,2026-09-04,835,N,VIIRS,n,2.0NRT,305.16,2.97,D
8.93915,77.83005,339.25,0.48,0.4,2026-09-04,835,N,VIIRS,n,2.0NRT,301.79,7.77,D
8.9637,80.59013,342.29,0.46,0.47,2026-09-04,835,N,VIIRS,n,2.0NRT,295.02,4.33,D
8.96668,80.38145,336.94,0.45,0.47,2026-09-04,835,N,VIIRS,n,2.0NRT,299.16,3.75,D
8.97304,80.59312,331.35,0.46,0.47,2026-09-04,835,N,VIIRS,n,2.0NRT,297.98,7.85,D
8.97735,80.59259,347.79,0.46,0.47,2026-09-04,835,N,VIIRS,n,2.0NRT,296.95,12.24,D
8.97742,80.59255,346.17,0.46,0.47,2026-09-04,835,N,VIIRS,n,2.0NRT,297.32,9.41,D
8.97923,80.83057,337.07,0.48,0.48,2026-09-04,835,N,VIIRS,n,2.0NRT,297.96,7.59,D
8.98429,80.83439,340.3,0.48,0.48,2026-09-04,835,N,VIIRS,n,2.0NRT,296.66,4.21,D
9.10274,80.49466,331.95,0.46,0.47,2026-09-04,835,N,VIIRS,n,2.0NRT,296.92,4.45,D
9.17593,78.22559,337.95,0.5,0.41,2026-09-04,835,N,VIIRS,n,2.0NRT,304.11,10.26,D
9.1797,78.22505,341.55,0.5,0.41,2026-09-04,835,N,VIIRS,n,2.0NRT,304.13,10.26,D
9.20293,77.64448,345.47,0.47,0.4,2026-09-04,835,N,VIIRS,n,2.0NRT,309.68,19.15,D
9.20664,80.63229,330.65,0.47,0.48,2026-09-04,835,N,VIIRS,n,2.0NRT,297.42,2.25,D
9.33688,76.59934,331.72,0.43,0.38,2026-09-04,835,N,VIIRS,n,2.0NRT,299.27,2.02,D
9.39517,80.44724,332.52,0.46,0.47,2026-09-04,835,N,VIIRS,n,2.0NRT,294.65,5.48,D
9.39581,80.44839,338.41,0.46,0.47,2026-09-04,835,N,VIIRS,n,2.0NRT,295.04,4.86,D
9.414,80.58482,330.15,0.47,0.48,2026-09-04,835,N,VIIRS,n,2.0NRT,294.94,2.71,D
9.41437,80.58335,335.1,0.47,0.48,2026-09-04,835,N,VIIRS,n,2.0NRT,295.97,3.4,D
9.45137,80.49699,348.6,0.46,0.47,2026-09-04,835,N,VIIRS,n,2.0NRT,296.5,9.87,D
9.4578,80.47879,336.28,0.46,0.47,2026-09-04,835,N,VIIRS,n,2.0NRT,295.38,3.36,D
9.62262,78.11741,340.95,0.5,0.41,2026-09-04,835,N,VIIRS,n,2.0NRT,306.67,10.24,D
9.95692,79.105,336.23,0.38,0.44,2026-09-04,835,N,VIIRS,n,2.0NRT,298.7,2.64,D
9.95849,79.1076,342.39,0.39,0.44,2026-09-04,835,N,VIIRS,n,2.0NRT,298.57,2.39,D
10.16672,78.79148,331.56,0.56,0.43,2026-09-04,835,N,VIIRS,n,2.0NRT,300.74,8.56,D
10.16814,78.80172,335.48,0.56,0.43,2026-09-04,835,N,VIIRS,n,2.0NRT,300.33,6.42,D
10.28257,78.88253,334.67,0.57,0.43,2026-09-04,835,N,VIIRS,n,2.0NRT,298.75,2.52,D
10.31339,79.34061,330.68,0.4,0.44,2026-09-04,835,N,VIIRS,n,2.0NRT,296.16,2.09,D
12.0522,78.36801,333.87,0.56,0.43,2026-09-04,835,N,VIIRS,n,2.0NRT,298.13,4.2,D
12.80993,77.7602,332.58,0.52,0.42,2026-09-04,835,N,VIIRS,n,2.0NRT,298.05,3.52,D
13.90749,78.06878,335.38,0.56,0.43,2026-09-04,835,N,VIIRS,n,2.0NRT,301.05,1.75,D
13.93385,78.31989,344.3,0.39,0.44,2026-09-04,835,N,VIIRS,n,2.0NRT,300.15,5.9,D
13.93448,78.31924,342.27,0.39,0.44,2026-09-04,835,N,VIIRS,n,2.0NRT,300.78,5.51,D
14.5526,77.48568,330.23,0.53,0.42,2026-09-04,835,N,VIIRS,n,2.0NRT,293.53,2.5,D
14.9584,75.91736,334.21,0.45,0.39,2026-09-04,837,N,VIIRS,n,2.0NRT,296.21,2.59,D
15.17642,76.65735,335.25,0.49,0.4,2026-09-04,837,N,VIIRS,n,2.0NRT,297.04,5.16,D
15.18196,76.64268,333.96,0.49,0.4,2026-09-04,837,N,VIIRS,n,2.0NRT,295.73,3.59,D
15.52757,73.99412,332.48,0.39,0.36,2026-09-04,837,N,VIIRS,n,2.0NRT,297.41,3.12,D
17.6268,82.57391,330.76,0.41,0.61,2026-09-04,837,N,VIIRS,n,2.0NRT,288.86,4.48,D
21.10135,72.63466,332.85,0.39,0.36,2026-09-04,837,N,VIIRS,n,2.0NRT,295.09,7.03,D
21.10191,72.63843,334.26,0.39,0.36,2026-09-04,837,N,VIIRS,n,2.0NRT,293.93,7.03,D
21.10636,72.64542,344.24,0.39,0.36,2026-09-04,837,N,VIIRS,n,2.0NRT,299.55,8.1,D
22.41645,69.03945,333.49,0.41,0.37,2026-09-04,837,N,VIIRS,l,2.0NRT,301.9,5.64,D
22.92779,70.1069,338.61,0.39,0.36,2026-09-04,837,N,VIIRS,n,2.0NRT,306.81,5.54,D
22.93431,69.69743,334.99,0.4,0.37,2026-09-04,837,N,VIIRS,n,2.0NRT,304.23,3.12,D
24.0682,72.24971,330.15,0.4,0.37,2026-09-04,837,N,VIIRS,n,2.0NRT,300.13,1.4,D
25.9841,73.41638,340.25,0.45,0.39,2026-09-04,837,N,VIIRS,n,2.0NRT,290.2,5.6,D
27.14095,72.44164,335.03,0.42,0.38,2026-09-04,837,N,VIIRS,l,2.0NRT,305.47,1.99,D
28.42405,69.7006,335.37,0.38,0.36,2026-09-04,839,N,VIIRS,l,2.0NRT,306.54,3.82,D
28.45174,68.14686,334.81,0.4,0.37,2026-09-04,839,N,VIIRS,n,2.0NRT,303.04,24.53,D
29.33473,69.01346,344.38,0.38,0.36,2026-09-04,839,N,VIIRS,n,2.0NRT,311.99,3.84,D
29.33534,69.01741,338.2,0.38,0.36,2026-09-04,839,N,VIIRS,l,2.0NRT,310.75,5.51,D
29.80486,72.78429,337.49,0.46,0.39,2026-09-04,839,N,VIIRS,n,2.0NRT,299.65,4.92,D
29.911,74.95192,341.22,0.39,0.44,2026-09-04,839,N,VIIRS,n,2.0NRT,299.43,5.47,D
29.94049,69.95213,337.32,0.39,0.36,2026-09-04,839,N,VIIRS,n,2.0NRT,306.64,3.81,D
30.47343,71.74202,331,0.43,0.38,2026-09-04,839,N,VIIRS,l,2.0NRT,304.84,3.21,D
31.31773,72.16481,335.37,0.45,0.39,2026-09-04,839,N,VIIRS,n,2.0NRT,300.09,3.46,D
31.5778,72.37859,337.86,0.46,0.39,2026-09-04,839,N,VIIRS,n,2.0NRT,297.62,5.83,D
31.68232,72.20583,336.61,0.45,0.39,2026-09-04,839,N,VIIRS,n,2.0NRT,295.47,4.36,D
32.24791,73.92658,332.01,0.55,0.43,2026-09-04,839,N,VIIRS,n,2.0NRT,295.3,3.62,D
32.43256,71.36949,345.57,0.43,0.38,2026-09-04,839,N,VIIRS,n,2.0NRT,297.08,6.24,D
27.31744,95.26737,327.06,0.43,0.38,2026-09-04,1921,N,VIIRS,n,2.0NRT,290.45,3.22,N
28.57174,96.95198,295.41,0.4,0.37,2026-09-04,1921,N,VIIRS,n,2.0NRT,284.24,0.85,N
22.05509,85.46492,302.15,0.45,0.63,2026-09-04,1923,N,VIIRS,n,2.0NRT,286.52,0.66,N
22.05641,85.46532,301.04,0.45,0.63,2026-09-04,1923,N,VIIRS,n,2.0NRT,286.36,0.82,N
22.22516,84.75098,301.08,0.5,0.66,2026-09-04,1923,N,VIIRS,n,2.0NRT,286.63,1.2,N
22.31921,82.56583,303.93,0.69,0.74,2026-09-04,1923,N,VIIRS,n,2.0NRT,284.52,1.65,N
22.32409,82.59403,303.05,0.69,0.74,2026-09-04,1923,N,VIIRS,n,2.0NRT,284.75,1.56,N
23.58107,86.72517,301.92,0.39,0.59,2026-09-04,1923,N,VIIRS,n,2.0NRT,285.24,0.65,N
23.66637,85.00024,299.89,0.5,0.66,2026-09-04,1923,N,VIIRS,n,2.0NRT,284.07,1.49,N
23.66674,84.99536,296.08,0.5,0.66,2026-09-04,1923,N,VIIRS,n,2.0NRT,283.69,1.49,N
23.66712,85.00002,299.7,0.5,0.66,2026-09-04,1923,N,VIIRS,n,2.0NRT,284.04,2.86,N
23.67289,84.9959,296.21,0.5,0.66,2026-09-04,1923,N,VIIRS,n,2.0NRT,283.89,2.91,N
23.67591,86.40213,303.59,0.41,0.61,2026-09-04,1923,N,VIIRS,n,2.0NRT,285.43,1.36,N
23.67626,86.39803,315.53,0.41,0.61,2026-09-04,1923,N,VIIRS,n,2.0NRT,285.7,1.36,N
23.67852,86.08686,305.34,0.43,0.62,2026-09-04,1923,N,VIIRS,n,2.0NRT,285.83,3.15,N
23.67871,86.40009,311.2,0.41,0.61,2026-09-04,1923,N,VIIRS,n,2.0NRT,285.8,2.46,N
23.67895,86.09338,303.36,0.43,0.62,2026-09-04,1923,N,VIIRS,n,2.0NRT,283.32,1.17,N
23.67909,86.396,305.97,0.41,0.61,2026-09-04,1923,N,VIIRS,n,2.0NRT,285.43,2.56,N
23.6793,86.08908,305.54,0.43,0.62,2026-09-04,1923,N,VIIRS,n,2.0NRT,285.15,1.67,N
23.67966,86.08476,304.85,0.43,0.62,2026-09-04,1923,N,VIIRS,n,2.0NRT,285.66,1.67,N
23.68225,86.3947,307.39,0.41,0.61,2026-09-04,1923,N,VIIRS,n,2.0NRT,285.55,2.78,N
23.68351,86.09599,305.12,0.43,0.62,2026-09-04,1923,N,VIIRS,n,2.0NRT,283.11,1.25,N
23.68471,86.09391,302.91,0.43,0.62,2026-09-04,1923,N,VIIRS,n,2.0NRT,283.95,1.17,N
23.68826,86.39115,303.86,0.41,0.61,2026-09-04,1923,N,VIIRS,n,2.0NRT,285.4,0.91,N
23.71136,86.45217,311.04,0.41,0.6,2026-09-04,1923,N,VIIRS,n,2.0NRT,285.88,1.74,N
23.71392,86.42335,307.48,0.41,0.61,2026-09-04,1923,N,VIIRS,n,2.0NRT,285.94,1.96,N
23.71992,86.41992,304.33,0.41,0.61,2026-09-04,1923,N,VIIRS,n,2.0NRT,284.78,1.68,N
23.73572,86.43427,307.61,0.41,0.61,2026-09-04,1923,N,VIIRS,n,2.0NRT,281.7,2.56,N
23.75746,85.85387,309.71,0.45,0.63,2026-09-04,1923,N,VIIRS,n,2.0NRT,285.95,1.79,N
23.75817,86.40104,303.52,0.41,0.61,2026-09-04,1923,N,VIIRS,n,2.0NRT,284.47,3.31,N
23.76124,86.4041,303.71,0.41,0.61,2026-09-04,1923,N,VIIRS,n,2.0NRT,282.59,2.07,N
23.76163,86.39988,311.81,0.41,0.61,2026-09-04,1923,N,VIIRS,n,2.0NRT,285.21,2.07,N
23.76239,86.39155,304.11,0.41,0.61,2026-09-04,1923,N,VIIRS,n,2.0NRT,285.44,3.52,N
23.76345,86.40598,299.36,0.41,0.61,2026-09-04,1923,N,VIIRS,n,2.0NRT,279.21,3.69,N
23.76381,86.40175,305.79,0.41,0.61,2026-09-04,1923,N,VIIRS,n,2.0NRT,282.63,3.31,N
23.76689,86.40472,305.75,0.41,0.61,2026-09-04,1923,N,VIIRS,n,2.0NRT,279.25,3.54,N
23.77262,86.36506,321.88,0.41,0.61,2026-09-04,1923,N,VIIRS,n,2.0NRT,285.55,4.47,N
23.77596,86.36807,306.29,0.41,0.61,2026-09-04,1923,N,VIIRS,n,2.0NRT,285.7,1.85,N
23.77635,86.36388,318.15,0.41,0.61,2026-09-04,1923,N,VIIRS,n,2.0NRT,285.94,2.96,N
23.77868,86.21198,304.15,0.42,0.61,2026-09-04,1923,N,VIIRS,n,2.0NRT,285.94,1.31,N
23.77907,86.2077,310.15,0.42,0.61,2026-09-04,1923,N,VIIRS,n,2.0NRT,286.07,1.31,N
23.7797,86.3896,302.64,0.41,0.61,2026-09-04,1923,N,VIIRS,n,2.0NRT,278.49,2.79,N
23.77998,86.20918,310.75,0.42,0.61,2026-09-04,1923,N,VIIRS,n,2.0NRT,286.39,1.53,N
23.78033,86.20491,303.18,0.42,0.61,2026-09-04,1923,N,VIIRS,n,2.0NRT,285.92,1.53,N
23.79671,86.35096,319.39,0.42,0.61,2026-09-04,1923,N,VIIRS,n,2.0NRT,283.86,4.1,N
23.80416,86.3309,312.49,0.42,0.61,2026-09-04,1923,N,VIIRS,n,2.0NRT,283.03,3.17,N
23.82338,85.49656,302.05,0.47,0.64,2026-09-04,1923,N,VIIRS,n,2.0NRT,285.66,1.6,N
23.82546,84.57072,305.89,0.54,0.68,2026-09-04,1923,N,VIIRS,n,2.0NRT,283.26,1.88,N
23.83774,85.46945,301.33,0.47,0.64,2026-09-04,1923,N,VIIRS,n,2.0NRT,285.37,1.6,N
24.31163,85.42353,303.75,0.48,0.65,2026-09-04,1923,N,VIIRS,n,2.0NRT,285.26,0.75,N
19.08846,82.17459,301.41,0.68,0.74,2026-09-04,1925,N,VIIRS,n,2.0NRT,285.65,1.21,N
19.0896,82.17361,300.24,0.68,0.74,2026-09-04,1925,N,VIIRS,n,2.0NRT,285.82,1.22,N
19.09592,82.16854,300.28,0.68,0.74,2026-09-04,1925,N,VIIRS,n,2.0NRT,285.1,2.29,N
19.09711,82.16754,303.66,0.68,0.74,2026-09-04,1925,N,VIIRS,n,2.0NRT,285.33,1.56,N
20.7613,85.29581,313.55,0.45,0.63,2026-09-04,1925,N,VIIRS,n,2.0NRT,287.42,2.27,N
20.76171,85.29136,305.86,0.45,0.63,2026-09-04,1925,N,VIIRS,n,2.0NRT,287.15,2.2,N
20.78849,85.25857,306.91,0.45,0.63,2026-09-04,1925,N,VIIRS,n,2.0NRT,287.45,2.84,N
20.79477,85.25492,316.12,0.45,0.63,2026-09-04,1925,N,VIIRS,n,2.0NRT,286.91,2.9,N
20.80561,85.25348,304.62,0.45,0.63,2026-09-04,1925,N,VIIRS,n,2.0NRT,287.35,1.78,N
20.80653,85.256,313.31,0.45,0.63,2026-09-04,1925,N,VIIRS,n,2.0NRT,287.45,1.63,N
20.86205,84.98914,309.94,0.47,0.64,2026-09-04,1925,N,VIIRS,n,2.0NRT,286.24,1.72,N
20.86249,84.98462,316.08,0.47,0.64,2026-09-04,1925,N,VIIRS,n,2.0NRT,286.31,2.17,N
20.86526,84.98695,321.87,0.47,0.64,2026-09-04,1925,N,VIIRS,n,2.0NRT,286.26,3.63,N
20.89002,84.98002,311.47,0.47,0.64,2026-09-04,1925,N,VIIRS,n,2.0NRT,286.43,1.53,N
20.94963,86.04832,323.89,0.4,0.6,2026-09-04,1925,N,VIIRS,n,2.0NRT,288.03,2.27,N
20.95,86.04442,323.28,0.4,0.6,2026-09-04,1925,N,VIIRS,n,2.0NRT,288.01,2.27,N
20.9512,86.04997,310.23,0.4,0.6,2026-09-04,1925,N,VIIRS,n,2.0NRT,287.85,2.23,N
20.95159,86.0461,327.1,0.4,0.6,2026-09-04,1925,N,VIIRS,n,2.0NRT,288.09,2.23,N
20.95199,86.04217,313.92,0.4,0.6,2026-09-04,1925,N,VIIRS,n,2.0NRT,287.64,2.7,N
20.95558,86.04523,305.01,0.4,0.6,2026-09-04,1925,N,VIIRS,n,2.0NRT,287.63,1.4,N
20.96156,86.00327,307.14,0.41,0.6,2026-09-04,1925,N,VIIRS,n,2.0NRT,287.47,0.79,N
20.96411,85.18684,307.86,0.46,0.63,2026-09-04,1925,N,VIIRS,n,2.0NRT,286.71,1.57,N
20.9649,86.00615,315.28,0.41,0.6,2026-09-04,1925,N,VIIRS,n,2.0NRT,287.92,2.12,N
20.96528,86.00221,306.29,0.41,0.6,2026-09-04,1925,N,VIIRS,n,2.0NRT,288.08,1.79,N
20.96534,85.1733,306,0.46,0.63,2026-09-04,1925,N,VIIRS,n,2.0NRT,286.79,1.35,N
20.96576,85.16875,309.08,0.46,0.63,2026-09-04,1925,N,VIIRS,n,2.0NRT,286.82,1.35,N
20.96638,86.01173,310.73,0.41,0.6,2026-09-04,1925,N,VIIRS,n,2.0NRT,288.16,2.97,N
20.97015,86.01069,307.09,0.41,0.6,2026-09-04,1925,N,VIIRS,n,2.0NRT,288.37,2.21,N
20.97084,85.17846,307.71,0.46,0.63,2026-09-04,1925,N,VIIRS,n,2.0NRT,286.43,2.67,N
20.97089,86.00281,306.17,0.41,0.6,2026-09-04,1925,N,VIIRS,n,2.0NRT,288.42,1.7,N
20.97126,85.17391,305.19,0.46,0.63,2026-09-04,1925,N,VIIRS,n,2.0NRT,286.74,1.35,N
20.99819,86.01408,304.21,0.41,0.6,2026-09-04,1925,N,VIIRS,n,2.0NRT,288.26,0.72,N
20.99857,86.01012,305.85,0.41,0.6,2026-09-04,1925,N,VIIRS,n,2.0NRT,288.25,0.72,N
21.07634,85.04405,307.57,0.47,0.64,2026-09-04,1925,N,VIIRS,n,2.0NRT,286.81,1.41,N
21.07676,85.03937,304.32,0.47,0.64,2026-09-04,1925,N,VIIRS,n,2.0NRT,287.05,1.41,N
21.07717,85.03472,303.73,0.47,0.64,2026-09-04,1925,N,VIIRS,n,2.0NRT,287.19,2.04,N
21.67499,82.07859,301.52,0.73,0.76,2026-09-04,1925,N,VIIRS,n,2.0NRT,284.48,1.32,N
21.67781,84.03859,305.65,0.55,0.68,2026-09-04,1925,N,VIIRS,n,2.0NRT,286.12,2.34,N
21.67952,84.03887,306.32,0.55,0.68,2026-09-04,1925,N,VIIRS,n,2.0NRT,285.77,1.89,N
21.80354,82.03689,300.24,0.74,0.76,2026-09-04,1925,N,VIIRS,n,2.0NRT,282.65,1.26,N
21.92587,85.22215,315.27,0.47,0.64,2026-09-04,1925,N,VIIRS,n,2.0NRT,287.75,2.18,N
22.00575,82.67023,304.37,0.68,0.74,2026-09-04,1925,N,VIIRS,n,2.0NRT,284.9,1.03,N
22.00621,82.67161,300.84,0.68,0.74,2026-09-04,1925,N,VIIRS,n,2.0NRT,284.77,2.21,N
13.15911,80.28068,306.72,0.77,0.78,2026-09-04,1928,N,VIIRS,n,2.0NRT,285.02,1.63,N
13.1608,80.27946,307.93,0.77,0.78,2026-09-04,1928,N,VIIRS,n,2.0NRT,285.03,1.92,N
7.12493,81.54601,295.77,0.53,0.67,2026-09-04,1930,N,VIIRS,n,2.0NRT,285.71,2.74,N
32.72226,72.92528,304.4,0.39,0.36,2026-09-04,2101,N,VIIRS,n,2.0NRT,291.48,0.68,N
33.29619,71.18684,298.59,0.44,0.38,2026-09-04,2101,N,VIIRS,n,2.0NRT,287.32,1.13,N
33.54585,71.55032,305.69,0.43,0.38,2026-09-04,2101,N,VIIRS,n,2.0NRT,290.83,1.04,N
33.68994,72.7104,307.47,0.4,0.37,2026-09-04,2101,N,VIIRS,n,2.0NRT,292.06,0.92,N
35.96602,68.68536,298.35,0.4,0.44,2026-09-04,2101,N,VIIRS,n,2.0NRT,288.18,0.69,N
35.96709,68.68774,299.05,0.4,0.44,2026-09-04,2101,N,VIIRS,n,2.0NRT,288.15,1.28,N
35.97013,68.68588,299.08,0.4,0.44,2026-09-04,2101,N,VIIRS,n,2.0NRT,288.3,0.79,N
22.57313,85.89704,313.33,0.7,0.75,2026-09-04,2104,N,VIIRS,n,2.0NRT,283.34,3.39,N
23.67414,85.32425,296.63,0.61,0.71,2026-09-04,2104,N,VIIRS,n,2.0NRT,284.11,2.29,N
23.67768,86.3978,298.43,0.71,0.75,2026-09-04,2104,N,VIIRS,n,2.0NRT,279.73,6.8,N
23.67849,86.08708,301.87,0.68,0.74,2026-09-04,2104,N,VIIRS,n,2.0NRT,283.36,3.56,N
23.67941,86.08627,301.55,0.68,0.74,2026-09-04,2104,N,VIIRS,n,2.0NRT,283.28,2.58,N
23.69545,85.36923,311.51,0.61,0.71,2026-09-04,2104,N,VIIRS,n,2.0NRT,284.1,2.54,N
23.78611,85.55335,301.45,0.63,0.72,2026-09-04,2104,N,VIIRS,n,2.0NRT,282.32,1.22,N
23.79008,85.55405,297.1,0.63,0.72,2026-09-04,2104,N,VIIRS,n,2.0NRT,282.49,2.74,N
24.15935,82.56554,302.1,0.41,0.6,2026-09-04,2104,N,VIIRS,n,2.0NRT,274.26,0.96,N
24.16024,82.56169,300.91,0.41,0.6,2026-09-04,2104,N,VIIRS,n,2.0NRT,273.66,0.96,N
24.82064,73.09454,306.69,0.39,0.36,2026-09-04,2104,N,VIIRS,n,2.0NRT,293.39,0.74,N
24.82128,73.0907,306.03,0.39,0.36,2026-09-04,2104,N,VIIRS,n,2.0NRT,293.89,0.74,N
25.5242,68.55288,309.65,0.47,0.4,2026-09-04,2104,N,VIIRS,n,2.0NRT,295.1,0.55,N
27.93788,69.72433,309.45,0.44,0.39,2026-09-04,2104,N,VIIRS,n,2.0NRT,296.46,0.66,N
28.4265,69.70227,313.48,0.45,0.39,2026-09-04,2104,N,VIIRS,n,2.0NRT,297.34,1.2,N
32.28888,70.7403,307.51,0.44,0.39,2026-09-04,2104,N,VIIRS,n,2.0NRT,294.04,1.54,N
32.5767,72.56184,311.11,0.4,0.37,2026-09-04,2104,N,VIIRS,n,2.0NRT,294.62,2.15,N
17.60933,83.20343,316.08,0.61,0.71,2026-09-04,2106,N,VIIRS,n,2.0NRT,286.93,5.27,N
17.95682,80.79215,300.9,0.42,0.61,2026-09-04,2106,N,VIIRS,n,2.0NRT,278.73,1.17,N
17.95858,80.79491,300.72,0.42,0.61,2026-09-04,2106,N,VIIRS,n,2.0NRT,278.98,0.84,N
17.95946,80.79095,298.26,0.42,0.61,2026-09-04,2106,N,VIIRS,n,2.0NRT,280.44,0.79,N
18.2715,74.19861,304.38,0.49,0.4,2026-09-04,2106,N,VIIRS,n,2.0NRT,290.01,0.84,N
18.68064,73.03526,304.1,0.43,0.38,2026-09-04,2106,N,VIIRS,n,2.0NRT,291.57,0.89,N
18.6904,73.04131,317.38,0.43,0.38,2026-09-04,2106,N,VIIRS,n,2.0NRT,292.88,2.13,N
18.69389,73.04198,319.91,0.43,0.38,2026-09-04,2106,N,VIIRS,n,2.0NRT,293.84,2.13,N
18.71995,79.53621,303.8,0.34,0.56,2026-09-04,2106,N,VIIRS,n,2.0NRT,284.54,0.99,N
19.09743,82.16936,307.92,0.49,0.65,2026-09-04,2106,N,VIIRS,n,2.0NRT,287.64,1.77,N
19.10059,82.1667,304.42,0.49,0.65,2026-09-04,2106,N,VIIRS,n,2.0NRT,287.57,1.71,N
19.2791,71.42653,307.88,0.39,0.36,2026-09-04,2106,N,VIIRS,n,2.0NRT,293.9,0.66,N
20.76145,85.29849,309.4,0.7,0.75,2026-09-04,2106,N,VIIRS,n,2.0NRT,284.98,2.11,N
20.76308,85.292,301.75,0.7,0.75,2026-09-04,2106,N,VIIRS,n,2.0NRT,284.99,2.48,N
20.79352,85.25729,305.82,0.7,0.75,2026-09-04,2106,N,VIIRS,n,2.0NRT,285.35,2.9,N
20.7952,85.2505,317.2,0.7,0.75,2026-09-04,2106,N,VIIRS,n,2.0NRT,284.74,2.9,N
20.80867,85.25465,303.12,0.7,0.75,2026-09-04,2106,N,VIIRS,n,2.0NRT,284.93,1.74,N
20.86599,84.99335,309.5,0.67,0.74,2026-09-04,2106,N,VIIRS,n,2.0NRT,285.86,2.49,N
20.86771,84.98637,305.94,0.67,0.74,2026-09-04,2106,N,VIIRS,n,2.0NRT,285.46,2.49,N
20.91163,71.45867,308.37,0.39,0.36,2026-09-04,2106,N,VIIRS,n,2.0NRT,293.47,1.38,N
20.95286,86.04846,304.94,0.77,0.78,2026-09-04,2106,N,VIIRS,n,2.0NRT,284.19,2.74,N
20.95502,85.0124,301.65,0.67,0.74,2026-09-04,2106,N,VIIRS,n,2.0NRT,285.18,1.52,N
20.96267,85.18922,299.1,0.69,0.74,2026-09-04,2106,N,VIIRS,n,2.0NRT,281.62,1.3,N
20.96312,85.18304,307.59,0.69,0.74,2026-09-04,2106,N,VIIRS,n,2.0NRT,282.97,5.19,N
20.96438,85.18245,306.42,0.69,0.74,2026-09-04,2106,N,VIIRS,n,2.0NRT,282.57,1.3,N
20.96604,85.17587,302.79,0.69,0.74,2026-09-04,2106,N,VIIRS,n,2.0NRT,283.85,3.15,N
20.96635,85.16991,306.46,0.69,0.74,2026-09-04,2106,N,VIIRS,n,2.0NRT,282.86,3.32,N
20.96696,86.00981,303.19,0.77,0.77,2026-09-04,2106,N,VIIRS,n,2.0NRT,280.35,1.45,N
20.96767,85.16939,310.81,0.68,0.74,2026-09-04,2106,N,VIIRS,n,2.0NRT,282.73,3.15,N
20.97304,85.17196,312.5,0.69,0.74,2026-09-04,2106,N,VIIRS,n,2.0NRT,282.27,3.32,N
20.97437,85.1714,306,0.68,0.74,2026-09-04,2106,N,VIIRS,n,2.0NRT,281.55,1.95,N
21.10271,72.64404,302.63,0.4,0.37,2026-09-04,2106,N,VIIRS,n,2.0NRT,287.6,1.38,N
21.10401,72.63636,332.65,0.4,0.37,2026-09-04,2106,N,VIIRS,n,2.0NRT,290.83,4,N
21.10544,72.64854,317.25,0.4,0.37,2026-09-04,2106,N,VIIRS,n,2.0NRT,290.81,2.05,N
21.10608,72.6447,333.02,0.4,0.37,2026-09-04,2106,N,VIIRS,n,2.0NRT,292.63,7.31,N
21.10738,72.637,305.46,0.4,0.37,2026-09-04,2106,N,VIIRS,n,2.0NRT,290.68,2.25,N
21.10881,72.64918,305.26,0.4,0.37,2026-09-04,2106,N,VIIRS,n,2.0NRT,291.28,2.05,N
21.18306,81.38803,301.41,0.4,0.6,2026-09-04,2106,N,VIIRS,n,2.0NRT,284.53,1.44,N
21.18765,81.39323,302.69,0.4,0.6,2026-09-04,2106,N,VIIRS,n,2.0NRT,286.34,1.74,N
21.18848,81.38943,302.2,0.4,0.6,2026-09-04,2106,N,VIIRS,n,2.0NRT,285.96,1.44,N
21.30924,81.59233,302.07,0.41,0.6,2026-09-04,2106,N,VIIRS,n,2.0NRT,285.53,0.77,N
21.43225,72.97722,304.92,0.41,0.37,2026-09-04,2106,N,VIIRS,n,2.0NRT,290.99,1.2,N
21.62011,81.79417,304.05,0.41,0.61,2026-09-04,2106,N,VIIRS,n,2.0NRT,286.39,0.52,N
21.67574,82.08032,301.97,0.43,0.62,2026-09-04,2106,N,VIIRS,n,2.0NRT,286.74,1.19,N
21.67763,84.03689,301.22,0.56,0.69,2026-09-04,2106,N,VIIRS,n,2.0NRT,285.83,3.55,N
21.7385,83.84195,301.88,0.55,0.68,2026-09-04,2106,N,VIIRS,n,2.0NRT,285.84,3.35,N
21.74119,83.84169,321.01,0.55,0.68,2026-09-04,2106,N,VIIRS,n,2.0NRT,286.55,3.34,N
21.74463,83.84384,332.64,0.55,0.68,2026-09-04,2106,N,VIIRS,n,2.0NRT,286.65,3.35,N
21.74593,83.83846,317.19,0.55,0.68,2026-09-04,2106,N,VIIRS,n,2.0NRT,285.9,6.72,N
21.74731,83.8436,348.71,0.55,0.68,2026-09-04,2106,N,VIIRS,n,2.0NRT,286.9,4.01,N
21.74858,83.83821,303.2,0.55,0.68,2026-09-04,2106,N,VIIRS,n,2.0NRT,285.55,4.01,N
21.75076,83.8457,314.42,0.55,0.68,2026-09-04,2106,N,VIIRS,n,2.0NRT,285.99,2.94,N
21.75206,83.84034,323.03,0.55,0.68,2026-09-04,2106,N,VIIRS,n,2.0NRT,286.27,4.25,N
21.75344,83.84547,319.43,0.55,0.68,2026-09-04,2106,N,VIIRS,n,2.0NRT,286.47,4.01,N
21.75471,83.84011,303.53,0.55,0.68,2026-09-04,2106,N,VIIRS,n,2.0NRT,286.16,4.01,N
21.75692,83.84747,303.92,0.55,0.68,2026-09-04,2106,N,VIIRS,n,2.0NRT,285.81,2.94,N
21.7582,83.84217,315,0.55,0.68,2026-09-04,2106,N,VIIRS,n,2.0NRT,286.06,4.25,N
21.76307,83.84924,309.57,0.55,0.68,2026-09-04,2106,N,VIIRS,n,2.0NRT,285.94,2.87,N
21.87359,83.4966,302.93,0.52,0.67,2026-09-04,2106,N,VIIRS,n,2.0NRT,286.42,0.84,N
21.87868,83.55658,307.68,0.52,0.67,2026-09-04,2106,N,VIIRS,n,2.0NRT,286.18,1.86,N
21.92071,83.35161,317.63,0.51,0.66,2026-09-04,2106,N,VIIRS,n,2.0NRT,287.11,3.02,N
21.92364,85.2219,307.46,0.66,0.73,2026-09-04,2106,N,VIIRS,n,2.0NRT,285.39,2.13,N
21.92594,85.22113,305.9,0.66,0.73,2026-09-04,2106,N,VIIRS,n,2.0NRT,285.28,2.86,N
21.93913,81.98277,302.44,0.42,0.61,2026-09-04,2106,N,VIIRS,n,2.0NRT,286.54,1.05,N
22.00088,82.67083,305.77,0.46,0.63,2026-09-04,2106,N,VIIRS,n,2.0NRT,286.92,1.43,N
22.00664,82.6723,305.81,0.46,0.63,2026-09-04,2106,N,VIIRS,n,2.0NRT,286.69,1.03,N
22.00665,82.66977,306.25,0.46,0.63,2026-09-04,2106,N,VIIRS,n,2.0NRT,286.71,1.36,N
22.01587,82.17987,301.54,0.43,0.62,2026-09-04,2106,N,VIIRS,n,2.0NRT,286.43,0.65,N
22.01755,83.75123,300.6,0.53,0.67,2026-09-04,2106,N,VIIRS,n,2.0NRT,284.85,1.06,N
22.0317,83.36752,303.54,0.5,0.66,2026-09-04,2106,N,VIIRS,n,2.0NRT,286.54,1.32,N
22.03287,83.36258,301.81,0.5,0.66,2026-09-04,2106,N,VIIRS,n,2.0NRT,286.6,1.97,N
22.0352,83.35267,301.68,0.5,0.66,2026-09-04,2106,N,VIIRS,n,2.0NRT,286.05,1.18,N
22.1076,83.12428,302.56,0.49,0.65,2026-09-04,2106,N,VIIRS,n,2.0NRT,286.66,0.81,N
22.22193,84.75527,297,0.61,0.71,2026-09-04,2106,N,VIIRS,n,2.0NRT,283.98,1.82,N
22.33719,69.86794,308.4,0.4,0.37,2026-09-04,2106,N,VIIRS,n,2.0NRT,296.38,3.19,N
22.33891,69.85638,308.84,0.4,0.37,2026-09-04,2106,N,VIIRS,n,2.0NRT,296.41,2.92,N
22.35826,82.30389,331.05,0.43,0.62,2026-09-04,2106,N,VIIRS,n,2.0NRT,286.53,3.98,N
22.3592,82.29978,311.54,0.43,0.62,2026-09-04,2106,N,VIIRS,n,2.0NRT,285.65,3.99,N
22.92655,69.82481,306.95,0.4,0.37,2026-09-04,2106,N,VIIRS,n,2.0NRT,295.48,1.98,N
22.93078,69.69768,309.29,0.41,0.37,2026-09-04,2106,N,VIIRS,n,2.0NRT,294.83,2.23,N
22.93359,69.7022,309.39,0.41,0.37,2026-09-04,2106,N,VIIRS,n,2.0NRT,295.17,2.85,N
22.93417,69.69827,336.76,0.41,0.37,2026-09-04,2106,N,VIIRS,n,2.0NRT,295.59,2.85,N
23.26578,70.25954,305.99,0.4,0.37,2026-09-04,2106,N,VIIRS,n,2.0NRT,294.82,1.02,N
23.30355,70.4779,305.59,0.39,0.36,2026-09-04,2106,N,VIIRS,n,2.0NRT,294.44,1.17,N
23.31575,70.48792,310.46,0.39,0.36,2026-09-04,2106,N,VIIRS,n,2.0NRT,295.34,1.37,N
23.40848,72.41589,318.21,0.39,0.36,2026-09-04,2106,N,VIIRS,n,2.0NRT,293.57,1.43,N
24.69059,73.00319,312.77,0.39,0.36,2026-09-04,2106,N,VIIRS,n,2.0NRT,294.49,1.28,N
25.38672,68.58044,310.55,0.47,0.39,2026-09-04,2106,N,VIIRS,n,2.0NRT,295.45,0.86,N
25.39035,68.58104,311.57,0.47,0.39,2026-09-04,2106,N,VIIRS,n,2.0NRT,295.13,0.86,N
9.94102,77.48679,308.54,0.36,0.57,2026-09-04,2108,N,VIIRS,n,2.0NRT,289.38,0.6,N
9.94628,77.48783,305.53,0.36,0.57,2026-09-04,2108,N,VIIRS,n,2.0NRT,289.26,0.47,N
10.61668,77.42152,304.1,0.35,0.56,2026-09-04,2108,N,VIIRS,n,2.0NRT,289.3,0.28,N
10.61797,77.50148,308.59,0.35,0.57,2026-09-04,2108,N,VIIRS,n,2.0NRT,287.83,0.82,N
11.42084,77.48328,312.92,0.34,0.56,2026-09-04,2108,N,VIIRS,n,2.0NRT,284.16,0.82,N
11.48001,77.62247,300.66,0.35,0.56,2026-09-04,2108,N,VIIRS,n,2.0NRT,266.67,0.59,N
11.48045,77.62241,298.62,0.35,0.56,2026-09-04,2108,N,VIIRS,n,2.0NRT,264.84,0.77,N
11.56157,77.70795,302.5,0.35,0.57,2026-09-04,2108,N,VIIRS,n,2.0NRT,285.11,0.52,N
12.74499,77.61853,301.04,0.33,0.55,2026-09-04,2108,N,VIIRS,n,2.0NRT,286.93,0.33,N
13.7111,79.6208,304.94,0.43,0.62,2026-09-04,2108,N,VIIRS,n,2.0NRT,288.3,0.66,N
13.89855,76.56493,302.15,0.53,0.5,2026-09-04,2108,N,VIIRS,n,2.0NRT,290.36,0.62,N
14.87154,78.05151,313.86,0.32,0.55,2026-09-04,2108,N,VIIRS,n,2.0NRT,289.54,2.49,N
14.87653,78.05255,303.35,0.32,0.55,2026-09-04,2108,N,VIIRS,n,2.0NRT,287.23,1.34,N
15.07176,76.86304,303.44,0.53,0.5,2026-09-04,2108,N,VIIRS,n,2.0NRT,291.41,1.91,N
15.07287,76.86671,304,0.53,0.5,2026-09-04,2108,N,VIIRS,n,2.0NRT,291.87,1.61,N
15.1687,76.37943,305.66,0.49,0.49,2026-09-04,2108,N,VIIRS,n,2.0NRT,290.3,1.6,N
15.17019,76.38186,305.67,0.49,0.49,2026-09-04,2108,N,VIIRS,n,2.0NRT,290.39,1.27,N
15.17759,76.65895,316.42,0.51,0.5,2026-09-04,2108,N,VIIRS,n,2.0NRT,292.36,2.02,N
15.1777,77.10036,305.68,0.55,0.51,2026-09-04,2108,N,VIIRS,n,2.0NRT,290.97,2.43,N
15.1785,76.65421,311.15,0.51,0.5,2026-09-04,2108,N,VIIRS,n,2.0NRT,292.46,2.02,N
15.1803,76.66946,304.37,0.51,0.5,2026-09-04,2108,N,VIIRS,n,2.0NRT,291.72,1.54,N
15.18121,76.66469,311.06,0.51,0.5,2026-09-04,2108,N,VIIRS,n,2.0NRT,291.83,1.54,N
15.30146,76.22165,304.93,0.48,0.48,2026-09-04,2108,N,VIIRS,n,2.0NRT,289.8,0.52,N
15.33428,76.28631,304.46,0.48,0.48,2026-09-04,2108,N,VIIRS,n,2.0NRT,290.03,1.07,N
16.36108,81.2864,304.31,0.49,0.65,2026-09-04,2108,N,VIIRS,n,2.0NRT,287.53,0.57,N
17.05184,75.64252,302.08,0.41,0.45,2026-09-04,2108,N,VIIRS,n,2.0NRT,290.04,0.6,N
17.0538,75.64399,303.85,0.41,0.45,2026-09-04,2108,N,VIIRS,n,2.0NRT,290.02,0.7,N
6.55286,80.77038,300.78,0.68,0.74,2026-09-04,2110,N,VIIRS,n,2.0NRT,284.71,0.75,N
6.55308,80.77031,302.25,0.68,0.74,2026-09-04,2110,N,VIIRS,n,2.0NRT,284.51,1,N
27.95755,96.95478,334.77,0.44,0.38,2026-09-05,637,N,VIIRS,n,2.0NRT,285.13,5.26,D
27.95821,96.95849,328.12,0.44,0.38,2026-09-05,637,N,VIIRS,n,2.0NRT,284.71,5.26,D
6.17996,81.00569,341.03,0.4,0.37,2026-09-05,813,N,VIIRS,n,2.0NRT,302.13,2.48,D
6.1805,81.00926,337.19,0.4,0.37,2026-09-05,813,N,VIIRS,n,2.0NRT,301.79,2.48,D
6.1825,81.15936,336.9,0.4,0.37,2026-09-05,813,N,VIIRS,n,2.0NRT,302.46,3.84,D
6.18386,81.00876,348.29,0.4,0.37,2026-09-05,813,N,VIIRS,n,2.0NRT,302.69,5.49,D
6.18441,81.01233,343.12,0.4,0.37,2026-09-05,813,N,VIIRS,n,2.0NRT,301.1,4.5,D
6.18832,81.01539,346.67,0.4,0.37,2026-09-05,813,N,VIIRS,n,2.0NRT,301.64,4.5,D
6.18886,81.01897,336.55,0.4,0.37,2026-09-05,813,N,VIIRS,n,2.0NRT,300.97,2.74,D
6.19168,81.01488,352.21,0.4,0.37,2026-09-05,813,N,VIIRS,n,2.0NRT,303.42,18.42,D
6.19222,81.01846,347.43,0.4,0.37,2026-09-05,813,N,VIIRS,n,2.0NRT,303.31,17.44,D
6.21498,80.86486,330.59,0.39,0.36,2026-09-05,813,N,VIIRS,l,2.0NRT,300.8,2.55,D
6.33726,80.82056,335.6,0.39,0.36,2026-09-05,813,N,VIIRS,n,2.0NRT,301.81,3.01,D
6.35271,80.94569,332.07,0.4,0.37,2026-09-05,813,N,VIIRS,l,2.0NRT,303.22,3.24,D
6.35661,80.85766,341.92,0.39,0.36,2026-09-05,813,N,VIIRS,n,2.0NRT,302.19,5.09,D
6.35751,80.79565,331.18,0.39,0.36,2026-09-05,813,N,VIIRS,n,2.0NRT,300.59,2.77,D
6.39684,81.07821,347.64,0.4,0.37,2026-09-05,813,N,VIIRS,n,2.0NRT,303.69,8.98,D
6.40642,81.07309,336.83,0.4,0.37,2026-09-05,813,N,VIIRS,n,2.0NRT,302.46,5.81,D
6.40697,81.07669,338.35,0.4,0.37,2026-09-05,813,N,VIIRS,n,2.0NRT,301.63,5.81,D
6.47917,80.77299,333.8,0.39,0.36,2026-09-05,813,N,VIIRS,n,2.0NRT,303.06,3.1,D
6.57916,81.3848,342.68,0.41,0.37,2026-09-05,813,N,VIIRS,n,2.0NRT,300.07,5.71,D
6.59315,81.12927,338.07,0.4,0.37,2026-09-05,813,N,VIIRS,n,2.0NRT,300.78,6.74,D
6.66843,81.51497,343.89,0.41,0.37,2026-09-05,813,N,VIIRS,n,2.0NRT,303.91,6.85,D
6.69977,81.40025,337.6,0.41,0.37,2026-09-05,813,N,VIIRS,n,2.0NRT,305.35,7.83,D
6.70425,81.31312,331.44,0.41,0.37,2026-09-05,813,N,VIIRS,n,2.0NRT,301.08,4.82,D
6.72359,81.30273,342.56,0.41,0.37,2026-09-05,813,N,VIIRS,n,2.0NRT,303.37,11.06,D
6.7338,81.30119,333.75,0.41,0.37,2026-09-05,813,N,VIIRS,n,2.0NRT,301.22,5.13,D
6.73964,81.38676,336.25,0.41,0.37,2026-09-05,813,N,VIIRS,n,2.0NRT,303.58,8.34,D
6.75339,81.36208,345.28,0.41,0.37,2026-09-05,813,N,VIIRS,n,2.0NRT,303.21,9.95,D
6.75762,81.43685,337.47,0.41,0.37,2026-09-05,813,N,VIIRS,n,2.0NRT,299.44,5.12,D
6.76149,81.46268,339.98,0.41,0.37,2026-09-05,813,N,VIIRS,n,2.0NRT,303.99,5.14,D
6.76475,81.50785,340.81,0.41,0.37,2026-09-05,813,N,VIIRS,n,2.0NRT,301.34,6,D
6.78665,81.44385,335.04,0.41,0.37,2026-09-05,813,N,VIIRS,n,2.0NRT,303.8,4.9,D
7.01036,79.9108,341.95,0.38,0.36,2026-09-05,813,N,VIIRS,n,2.0NRT,299.06,11.03,D
7.01089,79.91428,337.79,0.38,0.36,2026-09-05,813,N,VIIRS,n,2.0NRT,298.12,11.03,D
7.15843,81.65216,336.75,0.42,0.38,2026-09-05,813,N,VIIRS,n,2.0NRT,301.13,3.68,D
7.1755,81.82485,334.72,0.42,0.38,2026-09-05,813,N,VIIRS,n,2.0NRT,299.01,5.01,D
7.19413,80.99595,333.09,0.4,0.37,2026-09-05,813,N,VIIRS,n,2.0NRT,295.73,6.1,D
7.19752,80.99545,349.7,0.4,0.37,2026-09-05,813,N,VIIRS,n,2.0NRT,303.7,6.1,D
7.20091,80.99495,340.49,0.4,0.37,2026-09-05,813,N,VIIRS,n,2.0NRT,301.01,6.99,D
7.21239,81.70628,336.38,0.42,0.38,2026-09-05,813,N,VIIRS,n,2.0NRT,300.15,3.92,D
7.27373,81.22643,341.48,0.41,0.37,2026-09-05,813,N,VIIRS,n,2.0NRT,298.99,3.53,D
7.29734,81.74046,338.69,0.42,0.38,2026-09-05,813,N,VIIRS,n,2.0NRT,301.45,8.52,D
7.30165,81.81831,335.41,0.43,0.38,2026-09-05,813,N,VIIRS,n,2.0NRT,300.45,3.74,D
7.30221,81.82216,335.62,0.43,0.38,2026-09-05,813,N,VIIRS,n,2.0NRT,302.17,3.74,D
7.304,81.81009,338.65,0.43,0.38,2026-09-05,813,N,VIIRS,n,2.0NRT,299.42,4.77,D
7.30447,81.83759,340.49,0.43,0.38,2026-09-05,813,N,VIIRS,n,2.0NRT,302.27,7.65,D
7.30683,81.82935,340.67,0.43,0.38,2026-09-05,813,N,VIIRS,n,2.0NRT,302.89,10.23,D
7.30746,81.66486,337.07,0.42,0.38,2026-09-05,813,N,VIIRS,n,2.0NRT,296.28,6.26,D
7.32206,81.78776,337.67,0.42,0.38,2026-09-05,813,N,VIIRS,n,2.0NRT,300.27,2.29,D
7.3626,81.82111,340.73,0.43,0.38,2026-09-05,813,N,VIIRS,n,2.0NRT,300.7,5.16,D
7.39973,79.91376,342.18,0.39,0.36,2026-09-05,813,N,VIIRS,n,2.0NRT,301.4,4.26,D
7.44445,81.74203,348.12,0.42,0.38,2026-09-05,813,N,VIIRS,n,2.0NRT,301.8,8.4,D
7.4885,81.72768,336.75,0.42,0.38,2026-09-05,813,N,VIIRS,n,2.0NRT,302.23,7,D
7.50149,81.07175,336.52,0.4,0.37,2026-09-05,813,N,VIIRS,n,2.0NRT,302.05,5.05,D
7.50166,81.0718,336.67,0.4,0.37,2026-09-05,813,N,VIIRS,n,2.0NRT,303.09,7.47,D
7.51144,80.02458,330.9,0.39,0.36,2026-09-05,813,N,VIIRS,l,2.0NRT,301.28,2.78,D
7.56126,81.77585,336.95,0.43,0.38,2026-09-05,813,N,VIIRS,n,2.0NRT,298.87,1.25,D
7.59167,80.83134,333.62,0.4,0.37,2026-09-05,813,N,VIIRS,n,2.0NRT,302.46,2.41,D
7.60346,81.00407,340.52,0.4,0.37,2026-09-05,813,N,VIIRS,n,2.0NRT,298.77,4.52,D
7.60592,81.04877,334.47,0.4,0.37,2026-09-05,813,N,VIIRS,n,2.0NRT,301.46,3.35,D
7.60654,81.04838,334.99,0.4,0.37,2026-09-05,813,N,VIIRS,n,2.0NRT,301.64,4.32,D
7.6148,81.08079,348.93,0.4,0.37,2026-09-05,813,N,VIIRS,n,2.0NRT,305.95,9.58,D
7.61821,81.08028,335.16,0.4,0.37,2026-09-05,813,N,VIIRS,n,2.0NRT,303.13,3.58,D
7.62369,80.83762,330.26,0.4,0.37,2026-09-05,813,N,VIIRS,l,2.0NRT,303.41,1.63,D
7.62678,81.06778,332.79,0.4,0.37,2026-09-05,813,N,VIIRS,l,2.0NRT,303.23,2.51,D
7.62707,80.83712,334.79,0.4,0.37,2026-09-05,813,N,VIIRS,l,2.0NRT,305.17,1.63,D
7.63089,80.6562,334.1,0.4,0.37,2026-09-05,813,N,VIIRS,n,2.0NRT,300.94,3.24,D
7.6407,80.81288,336.79,0.4,0.37,2026-09-05,813,N,VIIRS,n,2.0NRT,303.38,2.77,D
7.64571,80.82323,337.66,0.4,0.37,2026-09-05,813,N,VIIRS,n,2.0NRT,302.55,2.22,D
7.64909,80.82273,336.79,0.4,0.37,2026-09-05,813,N,VIIRS,n,2.0NRT,301.94,2.95,D
7.65567,81.16868,340.63,0.41,0.37,2026-09-05,813,N,VIIRS,n,2.0NRT,303.89,9.04,D
7.66933,80.1969,348.02,0.39,0.36,2026-09-05,813,N,VIIRS,n,2.0NRT,300.96,6.27,D
7.67097,81.17771,345.72,0.41,0.37,2026-09-05,813,N,VIIRS,n,2.0NRT,305.33,4.4,D
7.68547,80.99552,340.84,0.4,0.37,2026-09-05,813,N,VIIRS,n,2.0NRT,303.93,6.88,D
7.68887,80.99501,340.46,0.4,0.37,2026-09-05,813,N,VIIRS,n,2.0NRT,303.14,6.83,D
7.69191,81.5574,336.61,0.42,0.38,2026-09-05,813,N,VIIRS,n,2.0NRT,302.72,4.11,D
7.69537,81.55688,337.86,0.42,0.38,2026-09-05,813,N,VIIRS,n,2.0NRT,302.19,2.44,D
7.70151,81.59878,342.51,0.42,0.38,2026-09-05,813,N,VIIRS,n,2.0NRT,303.41,4.64,D
7.70464,81.14626,340.32,0.41,0.37,2026-09-05,813,N,VIIRS,n,2.0NRT,305.74,6.9,D
7.72235,81.0792,338.32,0.41,0.37,2026-09-05,813,N,VIIRS,n,2.0NRT,303.14,4.54,D
7.75209,80.72167,336.84,0.4,0.37,2026-09-05,813,N,VIIRS,n,2.0NRT,304.44,2.58,D
7.75396,81.19886,336.97,0.41,0.37,2026-09-05,813,N,VIIRS,n,2.0NRT,303.49,3.34,D
7.75451,81.20256,337.42,0.41,0.37,2026-09-05,813,N,VIIRS,n,2.0NRT,303.73,4.12,D
7.7608,81.19785,334.86,0.41,0.37,2026-09-05,813,N,VIIRS,l,2.0NRT,306.38,5.36,D
7.76861,81.227,344.4,0.41,0.37,2026-09-05,813,N,VIIRS,n,2.0NRT,305.73,14.43,D
7.76915,81.23071,338.68,0.41,0.37,2026-09-05,813,N,VIIRS,n,2.0NRT,304.8,10.17,D
7.7832,81.0439,339.26,0.4,0.37,2026-09-05,813,N,VIIRS,n,2.0NRT,303.54,12.3,D
7.78416,81.55927,341.74,0.42,0.38,2026-09-05,813,N,VIIRS,n,2.0NRT,301.7,4.22,D
7.7866,81.04339,346.02,0.4,0.37,2026-09-05,813,N,VIIRS,n,2.0NRT,307.32,12.3,D
7.79055,81.04655,338.06,0.4,0.37,2026-09-05,813,N,VIIRS,n,2.0NRT,302.86,2.31,D
7.79189,80.17778,336.17,0.39,0.36,2026-09-05,813,N,VIIRS,n,2.0NRT,300.25,1.97,D
7.79956,81.0602,340.85,0.41,0.37,2026-09-05,813,N,VIIRS,n,2.0NRT,304.4,4.39,D
7.81358,79.99068,338.55,0.39,0.36,2026-09-05,813,N,VIIRS,n,2.0NRT,300.8,4.53,D
7.81826,81.20822,336.18,0.41,0.37,2026-09-05,813,N,VIIRS,n,2.0NRT,299.23,2.92,D
7.82896,79.84538,336.42,0.39,0.36,2026-09-05,813,N,VIIRS,n,2.0NRT,301.1,2.42,D
7.82949,79.84887,330.76,0.39,0.36,2026-09-05,813,N,VIIRS,n,2.0NRT,299.93,2.42,D
7.82964,81.0255,337.07,0.4,0.37,2026-09-05,813,N,VIIRS,n,2.0NRT,303.53,1.79,D
7.84795,81.38319,337.55,0.41,0.37,2026-09-05,813,N,VIIRS,n,2.0NRT,300.45,7.65,D
7.85643,80.04865,341.25,0.39,0.36,2026-09-05,813,N,VIIRS,n,2.0NRT,296.16,3.86,D
7.86041,81.44298,347.35,0.42,0.37,2026-09-05,813,N,VIIRS,n,2.0NRT,302.71,9.35,D
7.86098,81.44675,336.87,0.42,0.37,2026-09-05,813,N,VIIRS,n,2.0NRT,302.27,4.2,D
7.86428,79.87926,332.91,0.39,0.36,2026-09-05,813,N,VIIRS,n,2.0NRT,301.47,1.22,D
7.87753,80.62115,333.05,0.4,0.37,2026-09-05,813,N,VIIRS,n,2.0NRT,301.93,3.3,D
7.8793,80.6099,334.81,0.4,0.37,2026-09-05,813,N,VIIRS,n,2.0NRT,302.97,3.66,D
7.88299,81.43579,336.35,0.42,0.37,2026-09-05,813,N,VIIRS,n,2.0NRT,300.51,2.79,D
7.88822,81.42342,338.6,0.42,0.37,2026-09-05,813,N,VIIRS,n,2.0NRT,302.54,10.85,D
7.88961,80.65601,336.44,0.4,0.37,2026-09-05,813,N,VIIRS,n,2.0NRT,302.13,3.5,D
7.89167,81.42291,338.42,0.42,0.37,2026-09-05,813,N,VIIRS,n,2.0NRT,300.65,8.01,D
7.89688,80.65858,341,0.4,0.37,2026-09-05,813,N,VIIRS,n,2.0NRT,301.94,3.76,D
7.91173,80.61968,349.29,0.4,0.37,2026-09-05,813,N,VIIRS,n,2.0NRT,302.88,7.52,D
7.91204,80.30305,337,0.39,0.36,2026-09-05,813,N,VIIRS,n,2.0NRT,302.09,6.46,D
7.91509,80.61917,341.56,0.4,0.37,2026-09-05,813,N,VIIRS,n,2.0NRT,303.6,5.79,D
7.91833,80.54915,331.46,0.39,0.37,2026-09-05,813,N,VIIRS,n,2.0NRT,297.12,2.18,D
7.93095,80.77126,334.27,0.4,0.37,2026-09-05,813,N,VIIRS,n,2.0NRT,300.21,3.26,D
7.93164,80.56907,330.31,0.39,0.37,2026-09-05,813,N,VIIRS,l,2.0NRT,300.92,2.75,D
7.93501,80.56857,331.66,0.39,0.37,2026-09-05,813,N,VIIRS,n,2.0NRT,300.85,2.95,D
7.93732,81.18658,333.77,0.41,0.37,2026-09-05,813,N,VIIRS,n,2.0NRT,303.74,2.04,D
7.93822,81.05383,331.29,0.41,0.37,2026-09-05,813,N,VIIRS,l,2.0NRT,304.28,3.19,D
7.94364,81.34592,347.98,0.41,0.37,2026-09-05,813,N,VIIRS,n,2.0NRT,307.97,38.02,D
7.94659,81.31863,341.88,0.41,0.37,2026-09-05,813,N,VIIRS,n,2.0NRT,305.5,8.62,D
7.94947,81.31438,343.14,0.41,0.37,2026-09-05,813,N,VIIRS,n,2.0NRT,305.5,14.73,D
7.94978,79.83763,336.12,0.39,0.36,2026-09-05,813,N,VIIRS,n,2.0NRT,299.94,3.3,D
7.96084,81.34336,341.45,0.41,0.37,2026-09-05,813,N,VIIRS,n,2.0NRT,307.04,15.93,D
7.9614,81.34711,343.54,0.41,0.37,2026-09-05,813,N,VIIRS,n,2.0NRT,302.04,11.76,D
7.96167,80.60851,336.87,0.4,0.37,2026-09-05,813,N,VIIRS,n,2.0NRT,302.76,3.27,D
7.96221,80.61208,340.15,0.4,0.37,2026-09-05,813,N,VIIRS,n,2.0NRT,302.42,3.86,D
7.96504,80.60799,331.5,0.4,0.37,2026-09-05,813,N,VIIRS,n,2.0NRT,300.51,3.27,D
7.96558,80.61158,333.98,0.4,0.37,2026-09-05,813,N,VIIRS,n,2.0NRT,300.83,3.86,D
7.97521,81.23369,337.12,0.41,0.37,2026-09-05,813,N,VIIRS,n,2.0NRT,302.93,3.2,D
7.97576,81.23741,340.57,0.41,0.37,2026-09-05,813,N,VIIRS,n,2.0NRT,304.5,4.69,D
7.97633,81.33685,339.61,0.41,0.37,2026-09-05,813,N,VIIRS,n,2.0NRT,304.54,9.96,D
7.97869,80.25325,349.71,0.39,0.36,2026-09-05,813,N,VIIRS,n,2.0NRT,302.49,8.31,D
7.98436,80.06512,346.88,0.39,0.36,2026-09-05,813,N,VIIRS,n,2.0NRT,300.99,8.79,D
7.986,80.79264,342.84,0.4,0.37,2026-09-05,813,N,VIIRS,n,2.0NRT,302.91,6.93,D
7.99265,80.41412,333.28,0.39,0.36,2026-09-05,813,N,VIIRS,n,2.0NRT,298.97,5.65,D
7.9979,80.38068,343.39,0.39,0.36,2026-09-05,813,N,VIIRS,n,2.0NRT,304.11,6.15,D
7.99843,80.38423,336.68,0.39,0.36,2026-09-05,813,N,VIIRS,n,2.0NRT,301.43,6.15,D
8.01719,81.42326,343.16,0.42,0.37,2026-09-05,813,N,VIIRS,n,2.0NRT,304.06,5.04,D
8.02176,81.43032,335.27,0.42,0.37,2026-09-05,813,N,VIIRS,n,2.0NRT,303.12,2.79,D
8.02232,81.4341,335.75,0.42,0.37,2026-09-05,813,N,VIIRS,n,2.0NRT,301.67,2.79,D
8.02516,81.16928,344.87,0.41,0.37,2026-09-05,813,N,VIIRS,n,2.0NRT,306.14,7.9,D
8.02535,80.63208,335.73,0.4,0.37,2026-09-05,813,N,VIIRS,n,2.0NRT,304.09,4.24,D
8.02858,81.16877,348.57,0.41,0.37,2026-09-05,813,N,VIIRS,n,2.0NRT,304.24,7.9,D
8.02988,81.41364,338.73,0.42,0.37,2026-09-05,813,N,VIIRS,n,2.0NRT,303.45,3.89,D
8.0395,80.61161,348.35,0.4,0.37,2026-09-05,813,N,VIIRS,n,2.0NRT,302.2,8.79,D
8.05222,80.25206,340.8,0.39,0.36,2026-09-05,813,N,VIIRS,n,2.0NRT,303.25,5.49,D
8.05383,80.10401,344.98,0.39,0.36,2026-09-05,813,N,VIIRS,n,2.0NRT,302.11,7.27,D
8.05503,80.24802,338.37,0.39,0.36,2026-09-05,813,N,VIIRS,n,2.0NRT,303.99,3.89,D
8.05838,80.6455,332.93,0.4,0.37,2026-09-05,813,N,VIIRS,n,2.0NRT,297.02,2,D
8.05978,79.87353,343.64,0.39,0.36,2026-09-05,813,N,VIIRS,n,2.0NRT,300.6,4.55,D
8.08628,81.38984,337.45,0.42,0.37,2026-09-05,813,N,VIIRS,n,2.0NRT,301.1,3.25,D
8.08633,81.36668,336.74,0.42,0.37,2026-09-05,813,N,VIIRS,n,2.0NRT,299.72,5.79,D
8.08893,81.36685,339.77,0.42,0.37,2026-09-05,813,N,VIIRS,n,2.0NRT,298.07,5.64,D
8.09138,79.92904,344.56,0.39,0.36,2026-09-05,813,N,VIIRS,n,2.0NRT,301.53,14.3,D
8.10234,81.10136,332.41,0.41,0.37,2026-09-05,813,N,VIIRS,l,2.0NRT,303.58,2.29,D
8.11574,80.15222,338.84,0.39,0.36,2026-09-05,813,N,VIIRS,n,2.0NRT,301.11,4.77,D
8.12158,80.80904,340,0.4,0.37,2026-09-05,813,N,VIIRS,n,2.0NRT,304.96,7.76,D
8.12212,80.81266,356.8,0.4,0.37,2026-09-05,813,N,VIIRS,n,2.0NRT,306.15,7.76,D
8.12266,80.8163,338.16,0.4,0.37,2026-09-05,813,N,VIIRS,n,2.0NRT,303.51,6.85,D
8.12496,80.80852,340.1,0.4,0.37,2026-09-05,813,N,VIIRS,n,2.0NRT,302.17,5.69,D
8.1255,80.81214,352.75,0.4,0.37,2026-09-05,813,N,VIIRS,n,2.0NRT,302.29,5.69,D
8.12604,80.81579,337.75,0.4,0.37,2026-09-05,813,N,VIIRS,n,2.0NRT,300.59,4.16,D
8.12778,80.54986,333.36,0.4,0.37,2026-09-05,813,N,VIIRS,n,2.0NRT,298.87,2.47,D
8.16122,80.68085,340.74,0.4,0.37,2026-09-05,813,N,VIIRS,n,2.0NRT,304.9,5.52,D
8.16176,80.68446,337.97,0.4,0.37,2026-09-05,813,N,VIIRS,n,2.0NRT,303.25,6.66,D
8.17138,81.07531,337.03,0.41,0.37,2026-09-05,813,N,VIIRS,n,2.0NRT,302.89,2.53,D
8.17441,80.63096,333.18,0.4,0.37,2026-09-05,813,N,VIIRS,n,2.0NRT,302.61,2.95,D
8.17748,80.58276,348.04,0.4,0.37,2026-09-05,813,N,VIIRS,n,2.0NRT,300.32,9.25,D
8.20892,80.69186,336.14,0.4,0.37,2026-09-05,813,N,VIIRS,n,2.0NRT,302.3,2.02,D
8.21024,80.58482,345.91,0.4,0.37,2026-09-05,813,N,VIIRS,n,2.0NRT,302.97,8.22,D
8.22299,80.97707,331.74,0.41,0.37,2026-09-05,813,N,VIIRS,l,2.0NRT,301.75,2.02,D
8.2587,80.32465,348.78,0.39,0.36,2026-09-05,813,N,VIIRS,n,2.0NRT,304.4,5.93,D
8.35222,80.17999,330.97,0.39,0.36,2026-09-05,813,N,VIIRS,n,2.0NRT,300.46,1.91,D
8.35447,80.55137,339.14,0.4,0.37,2026-09-05,813,N,VIIRS,n,2.0NRT,301.68,3.72,D
8.36094,80.59453,333.82,0.4,0.37,2026-09-05,813,N,VIIRS,n,2.0NRT,299.3,1.93,D
8.3665,80.20679,336.98,0.39,0.36,2026-09-05,813,N,VIIRS,n,2.0NRT,303.26,6.99,D
8.36862,80.22093,342.21,0.39,0.36,2026-09-05,813,N,VIIRS,n,2.0NRT,302.87,3.3,D
8.37896,80.17594,350.32,0.39,0.36,2026-09-05,813,N,VIIRS,n,2.0NRT,306.7,22.11,D
8.3856,81.01615,337.54,0.41,0.37,2026-09-05,813,N,VIIRS,n,2.0NRT,303.06,6.27,D
8.38724,81.02727,340.75,0.41,0.37,2026-09-05,813,N,VIIRS,n,2.0NRT,303.11,6.44,D
8.39266,80.28991,336.13,0.39,0.36,2026-09-05,813,N,VIIRS,n,2.0NRT,302.91,7.05,D
8.39913,81.03686,337.34,0.41,0.37,2026-09-05,813,N,VIIRS,n,2.0NRT,301.82,6.81,D
8.39956,81.06335,337.71,0.41,0.37,2026-09-05,813,N,VIIRS,n,2.0NRT,305.24,4.22,D
8.40004,80.43096,341.79,0.39,0.37,2026-09-05,813,N,VIIRS,n,2.0NRT,304.88,3.92,D
8.4001,80.62553,333.85,0.4,0.37,2026-09-05,813,N,VIIRS,n,2.0NRT,302.28,3.19,D
8.4034,80.43046,335.43,0.39,0.37,2026-09-05,813,N,VIIRS,n,2.0NRT,301.29,3.92,D
8.42385,80.38354,336.19,0.39,0.36,2026-09-05,813,N,VIIRS,n,2.0NRT,298.5,2.61,D
8.42556,80.46367,334.67,0.4,0.37,2026-09-05,813,N,VIIRS,n,2.0NRT,299.03,7.39,D
8.42615,80.84453,338.86,0.4,0.37,2026-09-05,813,N,VIIRS,n,2.0NRT,298.15,7.49,D
8.42892,80.46317,345.61,0.4,0.37,2026-09-05,813,N,VIIRS,n,2.0NRT,299.11,7.39,D
8.42995,80.56219,336.8,0.4,0.37,2026-09-05,813,N,VIIRS,n,2.0NRT,301.89,2.51,D
8.43594,80.67204,349.64,0.4,0.37,2026-09-05,813,N,VIIRS,n,2.0NRT,306.12,11.39,D
8.44271,81.0949,337.25,0.41,0.37,2026-09-05,813,N,VIIRS,n,2.0NRT,301.34,3.43,D
8.44327,81.09863,348.69,0.41,0.37,2026-09-05,813,N,VIIRS,n,2.0NRT,302.78,7.92,D
8.44974,80.17898,334.5,0.39,0.36,2026-09-05,813,N,VIIRS,n,2.0NRT,303.2,4.47,D
8.4546,80.6581,340.29,0.4,0.37,2026-09-05,813,N,VIIRS,n,2.0NRT,302.7,5.8,D
8.46284,80.50578,333.56,0.4,0.37,2026-09-05,813,N,VIIRS,l,2.0NRT,303.84,3,D
8.46325,80.80936,343.07,0.4,0.37,2026-09-05,813,N,VIIRS,n,2.0NRT,301.59,10.92,D
8.46393,80.79059,335.48,0.4,0.37,2026-09-05,813,N,VIIRS,n,2.0NRT,303,6.6,D
8.46437,81.0993,345.65,0.41,0.37,2026-09-05,813,N,VIIRS,n,2.0NRT,303.22,7.32,D
8.47132,80.49349,330.69,0.4,0.37,2026-09-05,813,N,VIIRS,n,2.0NRT,299.93,1.59,D
8.47204,80.65918,335.56,0.4,0.37,2026-09-05,813,N,VIIRS,n,2.0NRT,300.54,3.54,D
8.47329,80.8303,340.45,0.4,0.37,2026-09-05,813,N,VIIRS,n,2.0NRT,303.19,6.05,D
8.47468,80.49299,331.38,0.4,0.37,2026-09-05,813,N,VIIRS,n,2.0NRT,297.98,1.59,D
8.47522,80.49657,336.32,0.4,0.37,2026-09-05,813,N,VIIRS,n,2.0NRT,298.53,2.37,D
8.47708,80.76251,336,0.4,0.37,2026-09-05,813,N,VIIRS,n,2.0NRT,302.42,4.67,D
8.47913,80.79951,338.11,0.4,0.37,2026-09-05,813,N,VIIRS,n,2.0NRT,302.95,3.7,D
8.48008,80.82928,333.44,0.4,0.37,2026-09-05,813,N,VIIRS,n,2.0NRT,302.33,3.04,D
8.48063,80.83294,337.24,0.4,0.37,2026-09-05,813,N,VIIRS,n,2.0NRT,302.32,3.04,D
8.48482,80.79119,339.67,0.4,0.37,2026-09-05,813,N,VIIRS,n,2.0NRT,303.73,4.38,D
8.48918,80.82043,342.09,0.4,0.37,2026-09-05,813,N,VIIRS,n,2.0NRT,301.21,6.89,D
8.49118,80.76411,334.93,0.4,0.37,2026-09-05,813,N,VIIRS,l,2.0NRT,305.63,5.13,D
8.49469,80.74122,343.3,0.4,0.37,2026-09-05,813,N,VIIRS,n,2.0NRT,304.19,8.76,D
8.49523,80.74486,353.16,0.4,0.37,2026-09-05,813,N,VIIRS,n,2.0NRT,304.75,12.18,D
8.49961,80.21492,333.2,0.39,0.36,2026-09-05,813,N,VIIRS,l,2.0NRT,303.29,3.06,D
8.50354,80.66186,336.63,0.4,0.37,2026-09-05,813,N,VIIRS,n,2.0NRT,299.62,4.53,D
8.50431,80.62106,337.01,0.4,0.37,2026-09-05,813,N,VIIRS,n,2.0NRT,304.53,2.91,D
8.50867,80.7652,341.02,0.4,0.37,2026-09-05,813,N,VIIRS,n,2.0NRT,304.22,3.84,D
8.51206,80.76469,338.72,0.4,0.37,2026-09-05,813,N,VIIRS,n,2.0NRT,301.96,3,D
8.51689,80.82001,336.92,0.4,0.37,2026-09-05,813,N,VIIRS,n,2.0NRT,305.62,5.01,D
8.52262,80.27681,343.17,0.39,0.36,2026-09-05,813,N,VIIRS,n,2.0NRT,303.9,4.82,D
8.52282,80.41543,345.24,0.39,0.37,2026-09-05,813,N,VIIRS,n,2.0NRT,303.8,15.94,D
8.53777,80.77148,334.33,0.4,0.37,2026-09-05,813,N,VIIRS,n,2.0NRT,302.82,3.59,D
8.53882,80.85044,338.61,0.4,0.37,2026-09-05,813,N,VIIRS,n,2.0NRT,303.78,4.79,D
8.54884,80.63599,332.68,0.4,0.37,2026-09-05,813,N,VIIRS,n,2.0NRT,302.05,2.2,D
8.54917,80.75482,349.24,0.4,0.37,2026-09-05,813,N,VIIRS,n,2.0NRT,306.18,10.97,D
8.55502,80.72415,342.86,0.4,0.37,2026-09-05,813,N,VIIRS,n,2.0NRT,304.07,5.26,D
8.55556,80.72779,340.95,0.4,0.37,2026-09-05,813,N,VIIRS,n,2.0NRT,304.43,4.63,D
8.56221,80.65617,333.48,0.4,0.37,2026-09-05,813,N,VIIRS,n,2.0NRT,300.93,6.85,D
8.56501,80.8385,334.37,0.4,0.37,2026-09-05,813,N,VIIRS,n,2.0NRT,303.22,4.76,D
8.566,80.589,332.44,0.4,0.37,2026-09-05,813,N,VIIRS,l,2.0NRT,303.65,5.11,D
8.56992,80.77787,339.49,0.4,0.37,2026-09-05,813,N,VIIRS,n,2.0NRT,305.56,7.86,D
8.58073,80.36644,349.09,0.39,0.36,2026-09-05,813,N,VIIRS,n,2.0NRT,303.15,3.71,D
8.58355,80.36236,345.95,0.39,0.36,2026-09-05,813,N,VIIRS,n,2.0NRT,304.31,3.71,D
8.58409,80.36593,337.15,0.39,0.36,2026-09-05,813,N,VIIRS,n,2.0NRT,302.31,3.71,D
8.59053,80.52262,336.86,0.4,0.37,2026-09-05,813,N,VIIRS,n,2.0NRT,298.77,3.17,D
8.59385,80.63658,331.01,0.4,0.37,2026-09-05,813,N,VIIRS,l,2.0NRT,303.04,3.56,D
8.6058,80.83237,342.45,0.4,0.37,2026-09-05,813,N,VIIRS,n,2.0NRT,303.81,7.64,D
8.60616,80.9755,330.57,0.41,0.37,2026-09-05,813,N,VIIRS,l,2.0NRT,301.46,3.01,D
8.60958,80.975,336.34,0.41,0.37,2026-09-05,813,N,VIIRS,n,2.0NRT,301.49,5.7,D
8.61067,80.48598,338.4,0.4,0.37,2026-09-05,813,N,VIIRS,n,2.0NRT,301.77,3.91,D
8.6112,80.48957,343.23,0.4,0.37,2026-09-05,813,N,VIIRS,n,2.0NRT,301.13,14.4,D
8.62532,81.01054,338,0.41,0.37,2026-09-05,813,N,VIIRS,n,2.0NRT,302.51,5.17,D
8.62896,80.51635,337.33,0.4,0.37,2026-09-05,813,N,VIIRS,n,2.0NRT,301.47,4.29,D
8.6293,81.01375,341.11,0.41,0.37,2026-09-05,813,N,VIIRS,n,2.0NRT,304.13,4.46,D
8.6294,80.99097,343.53,0.41,0.37,2026-09-05,813,N,VIIRS,n,2.0NRT,301.39,6.7,D
8.6295,80.51996,338.94,0.4,0.37,2026-09-05,813,N,VIIRS,n,2.0NRT,302.06,4.29,D
8.62985,81.01746,337.55,0.41,0.37,2026-09-05,813,N,VIIRS,n,2.0NRT,302.48,4.34,D
8.63106,81.0021,331.86,0.41,0.37,2026-09-05,813,N,VIIRS,n,2.0NRT,299.94,2.32,D
8.63271,81.01324,339.57,0.41,0.37,2026-09-05,813,N,VIIRS,n,2.0NRT,302.05,4.46,D
8.63327,81.01696,336.19,0.41,0.37,2026-09-05,813,N,VIIRS,n,2.0NRT,303.36,4.34,D
8.63503,81.0053,342.41,0.41,0.37,2026-09-05,813,N,VIIRS,n,2.0NRT,302.69,4.32,D
8.64641,80.33406,337.54,0.39,0.36,2026-09-05,813,N,VIIRS,n,2.0NRT,304.27,3.67,D
8.65036,80.87457,337.34,0.41,0.37,2026-09-05,813,N,VIIRS,n,2.0NRT,302.33,4.64,D
8.65211,80.86302,338.41,0.4,0.37,2026-09-05,813,N,VIIRS,n,2.0NRT,302.27,7.2,D
8.65376,80.87405,337.87,0.41,0.37,2026-09-05,813,N,VIIRS,n,2.0NRT,302.59,4.64,D
8.65415,81.06326,332.61,0.41,0.37,2026-09-05,813,N,VIIRS,n,2.0NRT,299.93,2.47,D
8.6632,80.51487,341.21,0.4,0.37,2026-09-05,813,N,VIIRS,n,2.0NRT,304.31,17,D
8.66455,80.47787,336.72,0.4,0.37,2026-09-05,813,N,VIIRS,n,2.0NRT,302.74,4.69,D
8.67016,80.84117,344.29,0.4,0.37,2026-09-05,813,N,VIIRS,n,2.0NRT,304.42,8.18,D
8.67071,80.84486,344.37,0.4,0.37,2026-09-05,813,N,VIIRS,n,2.0NRT,309.23,22.92,D
8.67411,80.84435,337.37,0.4,0.37,2026-09-05,813,N,VIIRS,n,2.0NRT,301.73,22.92,D
8.67725,80.70167,330.89,0.4,0.37,2026-09-05,813,N,VIIRS,n,2.0NRT,298.98,3.66,D
8.68765,80.35707,352.26,0.39,0.36,2026-09-05,813,N,VIIRS,n,2.0NRT,306.49,14.63,D
8.69047,80.353,335.52,0.39,0.36,2026-09-05,813,N,VIIRS,n,2.0NRT,303.33,14.63,D
8.69101,80.35657,347.26,0.39,0.36,2026-09-05,813,N,VIIRS,n,2.0NRT,302.46,14.63,D
8.69288,81.01921,343.85,0.41,0.37,2026-09-05,813,N,VIIRS,n,2.0NRT,303.52,6.12,D
8.69343,81.02293,353.24,0.41,0.37,2026-09-05,813,N,VIIRS,n,2.0NRT,302.62,8.56,D
8.69478,80.7962,344.17,0.4,0.37,2026-09-05,813,N,VIIRS,n,2.0NRT,301.47,6.67,D
8.6963,81.01871,348.54,0.41,0.37,2026-09-05,813,N,VIIRS,n,2.0NRT,304.43,14.61,D
8.69685,81.02242,341.25,0.41,0.37,2026-09-05,813,N,VIIRS,n,2.0NRT,305.6,34.68,D
8.69899,80.28534,330.9,0.39,0.36,2026-09-05,813,N,VIIRS,l,2.0NRT,301.1,2.41,D
8.70245,81.13233,335.37,0.41,0.37,2026-09-05,813,N,VIIRS,n,2.0NRT,303.9,3.03,D
8.70351,80.85501,342.1,0.41,0.37,2026-09-05,813,N,VIIRS,n,2.0NRT,304.44,6.71,D
8.70406,80.85869,337.27,0.41,0.37,2026-09-05,813,N,VIIRS,n,2.0NRT,302.59,6.71,D
8.72964,80.96056,332.41,0.41,0.37,2026-09-05,813,N,VIIRS,n,2.0NRT,298.84,3.93,D
8.74935,80.53083,352.09,0.4,0.37,2026-09-05,813,N,VIIRS,n,2.0NRT,302.01,7.94,D
8.75043,80.53805,338.35,0.4,0.37,2026-09-05,813,N,VIIRS,n,2.0NRT,301.87,4.26,D
8.75096,80.54166,334.99,0.4,0.37,2026-09-05,813,N,VIIRS,n,2.0NRT,301.44,4.52,D
8.75219,80.52672,336.61,0.4,0.37,2026-09-05,813,N,VIIRS,n,2.0NRT,294.41,1.71,D
8.75273,80.53033,335.04,0.4,0.37,2026-09-05,813,N,VIIRS,n,2.0NRT,300.96,1.71,D
8.76241,78.10452,333.26,0.39,0.36,2026-09-05,813,N,VIIRS,l,2.0NRT,302.74,2.68,D
8.76995,80.10387,337.67,0.39,0.36,2026-09-05,813,N,VIIRS,n,2.0NRT,303.09,4.48,D
8.79525,80.56088,338.1,0.4,0.37,2026-09-05,813,N,VIIRS,n,2.0NRT,302.86,4.55,D
8.7973,80.39112,336.46,0.4,0.37,2026-09-05,813,N,VIIRS,n,2.0NRT,301.83,5.15,D
8.79784,80.39472,338.65,0.4,0.37,2026-09-05,813,N,VIIRS,n,2.0NRT,303.53,6.19,D
8.80806,80.99785,340.45,0.41,0.37,2026-09-05,813,N,VIIRS,n,2.0NRT,303.68,9.27,D
8.8086,81.00157,367,0.41,0.37,2026-09-05,813,N,VIIRS,h,2.0NRT,306.04,9.27,D
8.81116,80.85354,343.29,0.41,0.37,2026-09-05,813,N,VIIRS,n,2.0NRT,301.96,4.45,D
8.81148,80.57696,336.95,0.4,0.37,2026-09-05,813,N,VIIRS,n,2.0NRT,302.34,6.13,D
8.81203,81.00107,350.11,0.41,0.37,2026-09-05,813,N,VIIRS,n,2.0NRT,302.67,9.27,D
8.8223,80.99955,343.31,0.41,0.37,2026-09-05,813,N,VIIRS,n,2.0NRT,302.17,5.32,D
8.83201,80.99429,334.29,0.41,0.37,2026-09-05,813,N,VIIRS,n,2.0NRT,300.99,3.73,D
8.83324,80.86153,333.62,0.41,0.37,2026-09-05,813,N,VIIRS,l,2.0NRT,303.95,3.26,D
8.83489,80.47026,342.51,0.4,0.37,2026-09-05,813,N,VIIRS,n,2.0NRT,296.82,5.31,D
8.83842,80.44763,336.37,0.4,0.37,2026-09-05,813,N,VIIRS,n,2.0NRT,301.57,4.07,D
8.85021,80.74253,342.85,0.4,0.37,2026-09-05,813,N,VIIRS,n,2.0NRT,296.95,7.86,D
8.85206,80.33175,342.91,0.39,0.37,2026-09-05,813,N,VIIRS,n,2.0NRT,301.04,13.35,D
8.85361,80.74201,341.82,0.4,0.37,2026-09-05,813,N,VIIRS,n,2.0NRT,302.32,14.2,D
8.8651,80.74441,338.98,0.4,0.37,2026-09-05,813,N,VIIRS,n,2.0NRT,304.68,2.97,D
8.88087,80.66352,330.16,0.4,0.37,2026-09-05,813,N,VIIRS,l,2.0NRT,302.42,6.01,D
8.88978,80.86481,335.51,0.41,0.37,2026-09-05,813,N,VIIRS,n,2.0NRT,304.13,4.77,D
8.91298,80.88026,351.7,0.41,0.37,2026-09-05,813,N,VIIRS,n,2.0NRT,304.44,19.97,D
8.91352,80.88396,338.46,0.41,0.37,2026-09-05,813,N,VIIRS,n,2.0NRT,300.59,10.26,D
8.91912,80.68765,344.67,0.4,0.37,2026-09-05,813,N,VIIRS,n,2.0NRT,301.96,9.06,D
8.91925,80.87554,348.17,0.41,0.37,2026-09-05,813,N,VIIRS,n,2.0NRT,295.98,4.03,D
8.92369,80.78816,330.56,0.4,0.37,2026-09-05,813,N,VIIRS,n,2.0NRT,299.7,1.96,D
8.92709,80.78766,336.19,0.4,0.37,2026-09-05,813,N,VIIRS,n,2.0NRT,300.72,4.77,D
8.94015,80.78194,338.48,0.4,0.37,2026-09-05,813,N,VIIRS,n,2.0NRT,303.37,6.32,D
8.943,80.77776,341.99,0.4,0.37,2026-09-05,813,N,VIIRS,n,2.0NRT,304.13,5.79,D
8.94302,80.8947,339.6,0.41,0.37,2026-09-05,813,N,VIIRS,n,2.0NRT,303.37,5.07,D
8.94314,80.37978,346.45,0.4,0.37,2026-09-05,813,N,VIIRS,n,2.0NRT,302.05,5.81,D
8.94355,80.78143,354.27,0.4,0.37,2026-09-05,813,N,VIIRS,n,2.0NRT,304.16,6.32,D
8.95551,80.76838,340.4,0.4,0.37,2026-09-05,813,N,VIIRS,n,2.0NRT,303.36,4.13,D
8.95918,80.58051,345.88,0.4,0.37,2026-09-05,813,N,VIIRS,n,2.0NRT,304.91,20.83,D
8.96129,80.87682,335.18,0.41,0.37,2026-09-05,813,N,VIIRS,n,2.0NRT,303.6,4.8,D
8.96636,80.88741,340.97,0.41,0.37,2026-09-05,813,N,VIIRS,n,2.0NRT,301.33,4.81,D
8.99586,80.6644,339.29,0.4,0.37,2026-09-05,813,N,VIIRS,n,2.0NRT,297.92,10.73,D
9.00062,80.81387,350.01,0.41,0.37,2026-09-05,813,N,VIIRS,n,2.0NRT,302.17,5.24,D
9.04103,80.44921,332.04,0.4,0.37,2026-09-05,813,N,VIIRS,l,2.0NRT,305.66,5.52,D
9.07612,80.40704,336.87,0.4,0.37,2026-09-05,813,N,VIIRS,n,2.0NRT,302.41,2.15,D
9.07853,80.46942,342.27,0.4,0.37,2026-09-05,813,N,VIIRS,n,2.0NRT,299.85,3.71,D
9.21617,80.32276,331.28,0.4,0.37,2026-09-05,813,N,VIIRS,n,2.0NRT,300.66,2.46,D
9.22275,80.66697,336.31,0.4,0.37,2026-09-05,813,N,VIIRS,n,2.0NRT,302.88,3.32,D
9.30931,78.79927,340.57,0.38,0.36,2026-09-05,813,N,VIIRS,n,2.0NRT,302.17,4.62,D
9.33446,77.69536,346.22,0.4,0.37,2026-09-05,813,N,VIIRS,n,2.0NRT,307.87,7.2,D
9.38173,80.51563,339.27,0.4,0.37,2026-09-05,813,N,VIIRS,n,2.0NRT,301.01,3.37,D
9.39164,80.4658,337.53,0.4,0.37,2026-09-05,813,N,VIIRS,n,2.0NRT,301.81,3.04,D
9.39375,78.88885,340.06,0.38,0.36,2026-09-05,813,N,VIIRS,n,2.0NRT,303.67,4.57,D
9.4007,80.457,345.83,0.4,0.37,2026-09-05,813,N,VIIRS,n,2.0NRT,302.17,3.23,D
9.41381,80.42905,340.91,0.4,0.37,2026-09-05,813,N,VIIRS,n,2.0NRT,302.15,1.79,D
9.41477,80.45859,333.53,0.4,0.37,2026-09-05,813,N,VIIRS,n,2.0NRT,301.82,1.4,D
9.41815,80.45808,334.11,0.4,0.37,2026-09-05,813,N,VIIRS,n,2.0NRT,302.01,1.08,D
9.41869,80.46172,333.34,0.4,0.37,2026-09-05,813,N,VIIRS,n,2.0NRT,301.23,1.47,D
9.62122,77.4757,330.24,0.4,0.37,2026-09-05,813,N,VIIRS,n,2.0NRT,297.29,5.38,D
9.62942,80.3325,332.14,0.4,0.37,2026-09-05,813,N,VIIRS,n,2.0NRT,299.9,2,D
9.76186,79.01588,333.28,0.38,0.36,2026-09-05,813,N,VIIRS,n,2.0NRT,301.89,1.74,D
9.76191,80.18646,341.75,0.4,0.37,2026-09-05,813,N,VIIRS,n,2.0NRT,297.91,4.1,D
9.77927,80.18752,340.77,0.4,0.37,2026-09-05,813,N,VIIRS,n,2.0NRT,299.6,3.52,D
10.54381,79.22341,346.01,0.39,0.36,2026-09-05,813,N,VIIRS,n,2.0NRT,303.01,5.35,D
10.71104,79.432,341.49,0.39,0.36,2026-09-05,816,N,VIIRS,n,2.0NRT,306.21,6.82,D
10.79202,79.03259,340.12,0.38,0.36,2026-09-05,816,N,VIIRS,n,2.0NRT,304.36,10.43,D
10.82872,79.18511,346.57,0.39,0.36,2026-09-05,816,N,VIIRS,n,2.0NRT,300.54,2.98,D
10.83204,79.18459,332.25,0.39,0.36,2026-09-05,816,N,VIIRS,n,2.0NRT,301.85,2.98,D
10.85818,78.95408,341.88,0.38,0.36,2026-09-05,816,N,VIIRS,n,2.0NRT,304.07,4.71,D
10.87647,79.25341,338.54,0.39,0.36,2026-09-05,816,N,VIIRS,n,2.0NRT,304.22,2.99,D
10.92989,77.06577,339.03,0.4,0.37,2026-09-05,816,N,VIIRS,l,2.0NRT,308.06,3.75,D
10.98545,78.22152,341.16,0.39,0.36,2026-09-05,816,N,VIIRS,n,2.0NRT,307.93,4.83,D
11.00525,77.1251,345.45,0.4,0.37,2026-09-05,816,N,VIIRS,l,2.0NRT,309.27,7.94,D
11.48627,78.88146,338.67,0.38,0.36,2026-09-05,816,N,VIIRS,n,2.0NRT,304.46,4.68,D
11.57037,79.64236,335.47,0.39,0.36,2026-09-05,816,N,VIIRS,n,2.0NRT,290.73,1.41,D
11.81176,79.62698,335.58,0.39,0.36,2026-09-05,816,N,VIIRS,n,2.0NRT,301.35,3.95,D
11.85545,78.73141,330.2,0.38,0.36,2026-09-05,816,N,VIIRS,n,2.0NRT,299.24,2.96,D
11.89135,78.72217,333.36,0.38,0.36,2026-09-05,816,N,VIIRS,n,2.0NRT,303.29,1.26,D
11.96047,78.80122,331.4,0.38,0.36,2026-09-05,816,N,VIIRS,n,2.0NRT,301.09,4.31,D
11.96101,78.80475,336.43,0.38,0.36,2026-09-05,816,N,VIIRS,n,2.0NRT,303.7,7.02,D
12.09322,79.02973,338.07,0.39,0.36,2026-09-05,816,N,VIIRS,n,2.0NRT,300.9,3.38,D
12.80918,79.95596,332.32,0.41,0.37,2026-09-05,816,N,VIIRS,l,2.0NRT,304.04,4.06,D
12.83815,79.94009,334.31,0.41,0.37,2026-09-05,816,N,VIIRS,l,2.0NRT,305.24,5.26,D
12.85665,79.94463,332.34,0.41,0.37,2026-09-05,816,N,VIIRS,l,2.0NRT,302.97,4.58,D
12.86005,79.94411,330.17,0.41,0.37,2026-09-05,816,N,VIIRS,l,2.0NRT,302.1,2.67,D
12.87172,80.07278,330.58,0.41,0.37,2026-09-05,816,N,VIIRS,n,2.0NRT,298.93,1.57,D
12.93002,76.32658,335.18,0.41,0.37,2026-09-05,816,N,VIIRS,n,2.0NRT,305.77,4.73,D
13.14227,79.26152,336.42,0.39,0.36,2026-09-05,816,N,VIIRS,n,2.0NRT,301.2,1.48,D
13.29584,80.0663,331.23,0.41,0.37,2026-09-05,816,N,VIIRS,l,2.0NRT,302.64,4.15,D
13.29621,80.06625,330.97,0.41,0.37,2026-09-05,816,N,VIIRS,l,2.0NRT,302.74,2.46,D
13.66856,78.35713,333.98,0.38,0.36,2026-09-05,816,N,VIIRS,l,2.0NRT,306.22,3.12,D
13.88681,77.37984,347.76,0.39,0.36,2026-09-05,816,N,VIIRS,n,2.0NRT,311.54,8.42,D
13.98457,78.95074,345.01,0.39,0.36,2026-09-05,816,N,VIIRS,n,2.0NRT,307.45,7.01,D
13.9938,78.45014,339.2,0.39,0.36,2026-09-05,816,N,VIIRS,l,2.0NRT,310.21,5.97,D
14.07302,79.44398,339.09,0.4,0.37,2026-09-05,816,N,VIIRS,n,2.0NRT,302.05,5.39,D
14.21456,79.22671,348.93,0.4,0.37,2026-09-05,816,N,VIIRS,n,2.0NRT,307.57,9.3,D
14.2971,79.05283,351.03,0.39,0.36,2026-09-05,816,N,VIIRS,n,2.0NRT,305.22,9.37,D
14.46633,77.33766,338.22,0.39,0.36,2026-09-05,816,N,VIIRS,n,2.0NRT,307.13,5.56,D
14.52509,79.062,341.72,0.39,0.37,2026-09-05,816,N,VIIRS,n,2.0NRT,307.25,4.51,D
14.57245,79.93675,342.49,0.42,0.37,2026-09-05,816,N,VIIRS,n,2.0NRT,302.56,12.86,D
14.57326,79.93592,332.81,0.42,0.37,2026-09-05,816,N,VIIRS,n,2.0NRT,299.7,6.63,D
14.57383,79.93979,334.23,0.42,0.37,2026-09-05,816,N,VIIRS,n,2.0NRT,299.73,6.63,D
14.59007,76.56956,333.14,0.4,0.37,2026-09-05,816,N,VIIRS,l,2.0NRT,301.11,2.28,D
14.66624,79.76509,337.69,0.41,0.37,2026-09-05,816,N,VIIRS,n,2.0NRT,305.53,3.1,D
14.66658,78.99778,341.44,0.39,0.37,2026-09-05,816,N,VIIRS,n,2.0NRT,306.16,3.54,D
14.68695,79.73852,349.33,0.41,0.37,2026-09-05,816,N,VIIRS,n,2.0NRT,309.32,6.04,D
14.69037,79.738,337.92,0.41,0.37,2026-09-05,816,N,VIIRS,n,2.0NRT,306.41,6.04,D
14.77525,79.79544,353.09,0.41,0.37,2026-09-05,816,N,VIIRS,n,2.0NRT,310.85,25.68,D
14.89181,79.23329,349.38,0.4,0.37,2026-09-05,816,N,VIIRS,n,2.0NRT,308.74,9.19,D
14.95491,75.19309,333.16,0.43,0.38,2026-09-05,816,N,VIIRS,n,2.0NRT,295.4,2.89,D
15.05285,77.10738,337.92,0.39,0.36,2026-09-05,816,N,VIIRS,n,2.0NRT,305.06,3.63,D
15.08564,77.31834,337.72,0.39,0.36,2026-09-05,816,N,VIIRS,n,2.0NRT,303.89,7.62,D
15.16295,78.87427,337.1,0.39,0.36,2026-09-05,816,N,VIIRS,l,2.0NRT,307.74,3.6,D
15.16875,76.38062,330.07,0.4,0.37,2026-09-05,816,N,VIIRS,l,2.0NRT,304.76,5.59,D
15.17266,76.66496,335.32,0.39,0.36,2026-09-05,816,N,VIIRS,l,2.0NRT,305.84,5.73,D
15.17484,76.65714,335.27,0.39,0.36,2026-09-05,816,N,VIIRS,l,2.0NRT,306.58,3.25,D
15.17818,76.65657,333.69,0.39,0.36,2026-09-05,816,N,VIIRS,l,2.0NRT,301.98,3.25,D
15.18627,76.31717,331.27,0.4,0.37,2026-09-05,816,N,VIIRS,l,2.0NRT,305.6,5.01,D
15.22651,76.76752,338.75,0.39,0.36,2026-09-05,816,N,VIIRS,n,2.0NRT,306.89,8.29,D
15.4074,80.12518,340.46,0.43,0.38,2026-09-05,816,N,VIIRS,n,2.0NRT,298.97,6.1,D
15.45176,79.12704,342.13,0.4,0.37,2026-09-05,816,N,VIIRS,n,2.0NRT,305.39,5.98,D
15.54765,78.12994,338.43,0.39,0.36,2026-09-05,816,N,VIIRS,n,2.0NRT,303.03,3.47,D
15.57417,78.94083,332.99,0.4,0.37,2026-09-05,816,N,VIIRS,l,2.0NRT,303.61,3.19,D
15.60291,79.61507,338.85,0.41,0.37,2026-09-05,816,N,VIIRS,n,2.0NRT,302.66,6.08,D
15.82935,79.52122,340.2,0.41,0.37,2026-09-05,816,N,VIIRS,n,2.0NRT,305.37,9.8,D
15.9341,78.1999,330.62,0.39,0.36,2026-09-05,816,N,VIIRS,n,2.0NRT,297.99,2.24,D
15.9781,78.4109,334.76,0.39,0.36,2026-09-05,816,N,VIIRS,n,2.0NRT,302.36,3.85,D
16.18071,75.15405,337.87,0.42,0.38,2026-09-05,816,N,VIIRS,n,2.0NRT,303.1,7.59,D
16.27423,78.39685,339.27,0.39,0.36,2026-09-05,816,N,VIIRS,n,2.0NRT,302.22,2.49,D
16.27654,80.32413,337.8,0.45,0.39,2026-09-05,816,N,VIIRS,n,2.0NRT,300.38,4.93,D
16.46479,79.59985,337.28,0.42,0.38,2026-09-05,816,N,VIIRS,n,2.0NRT,303.58,3.25,D
16.49307,79.94553,334.64,0.43,0.38,2026-09-05,816,N,VIIRS,n,2.0NRT,303.86,5.38,D
16.51543,78.36472,334.28,0.39,0.36,2026-09-05,816,N,VIIRS,n,2.0NRT,299.48,3.19,D
16.59789,77.40491,342.06,0.38,0.36,2026-09-05,816,N,VIIRS,n,2.0NRT,302.15,7.02,D
16.8774,79.9932,332.78,0.44,0.38,2026-09-05,816,N,VIIRS,n,2.0NRT,301.37,3.15,D
17.07409,78.59189,334.67,0.4,0.37,2026-09-05,816,N,VIIRS,n,2.0NRT,300.67,3.91,D
17.75859,75.82333,339.69,0.4,0.37,2026-09-05,816,N,VIIRS,l,2.0NRT,307.83,6.23,D
19.02065,72.89297,332.56,0.49,0.4,2026-09-05,818,N,VIIRS,l,2.0NRT,298.09,4.9,D
19.09782,82.1674,334.75,0.4,0.44,2026-09-05,818,N,VIIRS,n,2.0NRT,295.4,6.04,D
19.10191,82.16685,333.53,0.4,0.44,2026-09-05,818,N,VIIRS,n,2.0NRT,295.65,4.75,D
20.86472,84.9909,330.54,0.63,0.54,2026-09-05,818,N,VIIRS,n,2.0NRT,293.37,6.34,D
20.96047,85.18738,333.23,0.33,0.55,2026-09-05,818,N,VIIRS,n,2.0NRT,295,3.52,D
20.9636,85.16774,331.63,0.32,0.55,2026-09-05,818,N,VIIRS,n,2.0NRT,295.36,6.38,D
20.96741,85.15464,333.4,0.32,0.55,2026-09-05,818,N,VIIRS,n,2.0NRT,295.34,4.32,D
20.96937,85.17357,345.88,0.33,0.55,2026-09-05,818,N,VIIRS,n,2.0NRT,295.24,4.26,D
20.9697,85.17672,330.55,0.33,0.55,2026-09-05,818,N,VIIRS,n,2.0NRT,294.23,4.26,D
20.97448,85.17305,333.03,0.33,0.55,2026-09-05,818,N,VIIRS,n,2.0NRT,294.32,3.48,D
21.10671,72.64536,336.44,0.47,0.4,2026-09-05,818,N,VIIRS,n,2.0NRT,281.68,7.04,D
21.7415,83.84051,331.26,0.55,0.51,2026-09-05,818,N,VIIRS,n,2.0NRT,293.72,5.4,D
21.74623,83.83998,341.98,0.55,0.51,2026-09-05,818,N,VIIRS,n,2.0NRT,294.07,5.4,D
21.74681,83.84541,343.02,0.55,0.51,2026-09-05,818,N,VIIRS,n,2.0NRT,293.86,13.65,D
21.75626,83.84433,336.65,0.55,0.51,2026-09-05,818,N,VIIRS,n,2.0NRT,294.06,11.19,D
21.92067,83.35186,334.17,0.51,0.49,2026-09-05,818,N,VIIRS,n,2.0NRT,294.02,7.73,D
22.3772,87.27846,333.8,0.46,0.64,2026-09-05,818,N,VIIRS,n,2.0NRT,290.72,6.49,D
22.831,69.52864,338.61,0.44,0.46,2026-09-05,818,N,VIIRS,n,2.0NRT,298.65,2.4,D
23.68271,86.39385,331.16,0.42,0.61,2026-09-05,818,N,VIIRS,n,2.0NRT,291.17,8.81,D
23.71049,86.45036,328.02,0.42,0.61,2026-09-05,818,N,VIIRS,n,2.0NRT,290.43,5,D
23.73798,86.4348,333.13,0.42,0.61,2026-09-05,818,N,VIIRS,n,2.0NRT,290.42,3.33,D
23.75821,86.40292,331.56,0.42,0.61,2026-09-05,818,N,VIIRS,n,2.0NRT,290.06,4.62,D
23.75978,86.40414,328.16,0.42,0.61,2026-09-05,818,N,VIIRS,n,2.0NRT,289.56,4.93,D
23.78617,85.55293,333.73,0.37,0.58,2026-09-05,818,N,VIIRS,n,2.0NRT,292.06,4.76,D
27.65105,68.4608,345.47,0.41,0.45,2026-09-05,820,N,VIIRS,n,2.0NRT,300.17,4.34,D
30.60174,73.64675,335.72,0.38,0.36,2026-09-05,820,N,VIIRS,n,2.0NRT,301.07,2.55,D
31.20992,73.72583,332.22,0.38,0.36,2026-09-05,820,N,VIIRS,l,2.0NRT,305.13,8.31,D
31.21054,73.72984,330.49,0.38,0.36,2026-09-05,820,N,VIIRS,l,2.0NRT,300.9,5.02,D
31.21322,73.72516,330.57,0.38,0.36,2026-09-05,820,N,VIIRS,l,2.0NRT,303.89,4.89,D
31.23082,75.08361,335.64,0.4,0.37,2026-09-05,820,N,VIIRS,n,2.0NRT,295.18,4.59,D
31.73204,74.48511,340.17,0.39,0.36,2026-09-05,822,N,VIIRS,n,2.0NRT,298.88,4.36,D
34.09272,72.01049,335.65,0.39,0.36,2026-09-05,822,N,VIIRS,n,2.0NRT,297,3.05,D
34.09602,72.00973,339.02,0.39,0.36,2026-09-05,822,N,VIIRS,n,2.0NRT,296.12,3.05,D
27.37908,95.33517,307.45,0.5,0.49,2026-09-05,1904,N,VIIRS,n,2.0NRT,280.23,0.85,N
20.86821,96.38884,301.43,0.54,0.42,2026-09-05,1906,N,VIIRS,n,2.0NRT,288.7,1.12,N
22.3653,87.01733,311.4,0.73,0.76,2026-09-05,1906,N,VIIRS,n,2.0NRT,285.76,3.35,N
22.37548,87.27741,315.33,0.7,0.75,2026-09-05,1906,N,VIIRS,n,2.0NRT,285.35,4.57,N
22.38052,87.27566,312.79,0.7,0.75,2026-09-05,1906,N,VIIRS,n,2.0NRT,285.85,3.53,N
23.55211,87.24216,311.64,0.72,0.76,2026-09-05,1906,N,VIIRS,n,2.0NRT,285.12,3.82,N
23.55509,87.23924,305.77,0.72,0.76,2026-09-05,1906,N,VIIRS,n,2.0NRT,285.16,4.18,N
23.61425,86.7878,303.11,0.77,0.77,2026-09-05,1906,N,VIIRS,n,2.0NRT,285.37,1.33,N
23.6648,87.15537,306.2,0.73,0.76,2026-09-05,1906,N,VIIRS,n,2.0NRT,285.59,1.48,N
23.6887,87.11978,306.73,0.73,0.76,2026-09-05,1906,N,VIIRS,n,2.0NRT,285.17,2.7,N
23.69161,87.117,309.44,0.74,0.76,2026-09-05,1906,N,VIIRS,n,2.0NRT,285.14,4.15,N
23.69583,87.12045,308.23,0.73,0.76,2026-09-05,1906,N,VIIRS,n,2.0NRT,285.22,2.7,N
23.69684,87.10555,302.82,0.74,0.76,2026-09-05,1906,N,VIIRS,n,2.0NRT,285.1,4.09,N
15.12367,94.78321,307.5,0.57,0.43,2026-09-05,1908,N,VIIRS,n,2.0NRT,289.41,2.34,N
15.1244,94.77791,308.39,0.57,0.43,2026-09-05,1908,N,VIIRS,n,2.0NRT,289.6,2.34,N
15.12766,94.78379,306.04,0.57,0.43,2026-09-05,1908,N,VIIRS,n,2.0NRT,289.54,2.13,N
15.12839,94.77849,308.77,0.57,0.43,2026-09-05,1908,N,VIIRS,n,2.0NRT,289.73,2.13,N
29.47524,76.8587,312.67,0.39,0.36,2026-09-05,2044,N,VIIRS,n,2.0NRT,292.14,0.88,N
31.25029,76.9273,306.11,0.4,0.37,2026-09-05,2044,N,VIIRS,n,2.0NRT,290.29,0.57,N
32.08572,74.16138,308.97,0.5,0.41,2026-09-05,2044,N,VIIRS,n,2.0NRT,293.28,1.04,N
32.10323,74.17525,307.41,0.5,0.41,2026-09-05,2044,N,VIIRS,n,2.0NRT,293.36,0.92,N
33.29705,71.18685,305.9,0.5,0.49,2026-09-05,2044,N,VIIRS,n,2.0NRT,289.53,0.8,N
33.80225,72.09641,303.68,0.45,0.47,2026-09-05,2044,N,VIIRS,n,2.0NRT,291.08,0.66,N
35.96627,68.68471,303.76,0.37,0.58,2026-09-05,2044,N,VIIRS,n,2.0NRT,290.62,1.37,N
15.02384,78.01737,309.76,0.49,0.4,2026-09-05,2046,N,VIIRS,n,2.0NRT,294.41,2.21,N
15.07068,76.86605,305.47,0.43,0.38,2026-09-05,2046,N,VIIRS,n,2.0NRT,292.31,2.19,N
15.13741,76.7094,307.17,0.43,0.38,2026-09-05,2046,N,VIIRS,n,2.0NRT,291.66,1.14,N
15.16829,76.67445,305.39,0.42,0.38,2026-09-05,2046,N,VIIRS,n,2.0NRT,292.09,0.73,N
15.16858,76.3791,314.2,0.41,0.37,2026-09-05,2046,N,VIIRS,n,2.0NRT,292.21,1.64,N
15.16894,76.67054,306.65,0.42,0.38,2026-09-05,2046,N,VIIRS,n,2.0NRT,292.39,0.73,N
15.17135,76.38354,305.11,0.41,0.37,2026-09-05,2046,N,VIIRS,n,2.0NRT,291.53,0.76,N
15.17255,76.69141,319.54,0.42,0.38,2026-09-05,2046,N,VIIRS,n,2.0NRT,292.3,2.3,N
15.17453,76.67966,305.76,0.42,0.38,2026-09-05,2046,N,VIIRS,n,2.0NRT,292.15,1.17,N
15.17463,76.78519,305.64,0.43,0.38,2026-09-05,2046,N,VIIRS,n,2.0NRT,291.85,2.58,N
15.17504,76.65553,312.27,0.42,0.38,2026-09-05,2046,N,VIIRS,n,2.0NRT,293.05,1.51,N
15.17519,76.67574,306.33,0.42,0.38,2026-09-05,2046,N,VIIRS,n,2.0NRT,291.78,1.16,N
15.17545,77.10278,306.89,0.44,0.38,2026-09-05,2046,N,VIIRS,n,2.0NRT,292.02,1.48,N
15.17783,76.66007,308.24,0.42,0.38,2026-09-05,2046,N,VIIRS,n,2.0NRT,292.41,1.51,N
15.17849,76.65616,318.32,0.42,0.38,2026-09-05,2046,N,VIIRS,n,2.0NRT,293.73,1.51,N
15.17865,76.67638,308.7,0.42,0.38,2026-09-05,2046,N,VIIRS,n,2.0NRT,293.14,2.25,N
15.17896,77.10342,307.02,0.44,0.38,2026-09-05,2046,N,VIIRS,n,2.0NRT,291.83,1.47,N
15.18062,76.66463,307.28,0.42,0.38,2026-09-05,2046,N,VIIRS,n,2.0NRT,292.43,1.48,N
15.18342,76.66917,318.33,0.42,0.38,2026-09-05,2046,N,VIIRS,n,2.0NRT,292.33,1.48,N
15.18408,76.66525,309.32,0.42,0.38,2026-09-05,2046,N,VIIRS,n,2.0NRT,291.73,1.48,N
15.18638,76.31535,313.8,0.41,0.37,2026-09-05,2046,N,VIIRS,n,2.0NRT,292.18,1.39,N
15.18671,76.64958,306.13,0.42,0.38,2026-09-05,2046,N,VIIRS,n,2.0NRT,292.46,1.58,N
15.22608,76.76495,308.86,0.43,0.38,2026-09-05,2046,N,VIIRS,n,2.0NRT,291.56,1.06,N
15.22675,76.76101,305.38,0.43,0.38,2026-09-05,2046,N,VIIRS,n,2.0NRT,291.57,1.06,N
15.3005,76.22136,303.55,0.41,0.37,2026-09-05,2046,N,VIIRS,n,2.0NRT,291.33,0.72,N
15.309,76.2541,302.96,0.41,0.37,2026-09-05,2046,N,VIIRS,n,2.0NRT,290.92,0.61,N
15.33179,76.28551,303.39,0.41,0.37,2026-09-05,2046,N,VIIRS,n,2.0NRT,291.01,0.84,N
15.3352,76.28614,312.29,0.41,0.37,2026-09-05,2046,N,VIIRS,n,2.0NRT,291.87,0.84,N
15.65858,73.99101,308.41,0.39,0.36,2026-09-05,2046,N,VIIRS,n,2.0NRT,289.16,0.59,N
15.65914,73.98743,304.12,0.39,0.36,2026-09-05,2046,N,VIIRS,n,2.0NRT,290.25,0.59,N
17.13956,77.17656,306.26,0.42,0.38,2026-09-05,2046,N,VIIRS,n,2.0NRT,293,1.56,N
17.14167,77.18513,308.39,0.42,0.38,2026-09-05,2046,N,VIIRS,n,2.0NRT,292.92,1.68,N
17.60749,83.20487,311.25,0.6,0.53,2026-09-05,2046,N,VIIRS,n,2.0NRT,289.69,2.84,N
17.61234,83.206,310.53,0.6,0.53,2026-09-05,2046,N,VIIRS,n,2.0NRT,289.95,2.84,N
17.95661,80.79498,302.11,0.42,0.45,2026-09-05,2046,N,VIIRS,n,2.0NRT,285.82,1.26,N
18.04078,74.8643,310.8,0.38,0.36,2026-09-05,2046,N,VIIRS,n,2.0NRT,290.71,0.83,N
20.75956,85.29154,300.22,0.36,0.57,2026-09-05,2046,N,VIIRS,n,2.0NRT,276.32,1.38,N
20.79357,85.26019,308.35,0.35,0.57,2026-09-05,2046,N,VIIRS,n,2.0NRT,287.49,2.35,N
20.79505,85.25336,334.7,0.35,0.57,2026-09-05,2046,N,VIIRS,n,2.0NRT,287.79,4.69,N
20.80538,85.25605,310.73,0.35,0.57,2026-09-05,2046,N,VIIRS,n,2.0NRT,288.14,2.3,N
20.86291,84.98999,332.66,0.34,0.56,2026-09-05,2046,N,VIIRS,n,2.0NRT,288.66,1.56,N
20.86363,84.98669,316.71,0.34,0.56,2026-09-05,2046,N,VIIRS,n,2.0NRT,288.39,2.97,N
20.8673,84.99452,308.75,0.34,0.56,2026-09-05,2046,N,VIIRS,n,2.0NRT,288.98,1.56,N
20.86803,84.99112,305.14,0.34,0.56,2026-09-05,2046,N,VIIRS,n,2.0NRT,288.57,1.56,N
20.88534,84.98534,305.67,0.34,0.56,2026-09-05,2046,N,VIIRS,n,2.0NRT,288.63,1.67,N
20.88604,84.98206,325.41,0.34,0.56,2026-09-05,2046,N,VIIRS,n,2.0NRT,288.97,1.67,N
20.95163,86.04891,315.49,0.39,0.6,2026-09-05,2046,N,VIIRS,n,2.0NRT,289.05,4.04,N
20.9525,86.045,320.13,0.39,0.6,2026-09-05,2046,N,VIIRS,n,2.0NRT,288.64,4.04,N
20.95564,85.01325,305.69,0.34,0.56,2026-09-05,2046,N,VIIRS,n,2.0NRT,288.22,1.33,N
20.95634,85.01005,303.16,0.34,0.56,2026-09-05,2046,N,VIIRS,n,2.0NRT,288.16,1.61,N
20.96087,86.00738,327.32,0.39,0.59,2026-09-05,2046,N,VIIRS,n,2.0NRT,288.37,3.85,N
20.96112,85.18789,314.48,0.35,0.57,2026-09-05,2046,N,VIIRS,n,2.0NRT,287.6,1.67,N
20.96185,85.18448,315.38,0.35,0.57,2026-09-05,2046,N,VIIRS,n,2.0NRT,287.37,4.52,N
20.9647,85.1712,303.06,0.35,0.57,2026-09-05,2046,N,VIIRS,n,2.0NRT,285.55,2.04,N
20.9654,85.16793,305.85,0.35,0.56,2026-09-05,2046,N,VIIRS,n,2.0NRT,286.58,2.04,N
20.96543,86.01258,329.65,0.39,0.59,2026-09-05,2046,N,VIIRS,n,2.0NRT,288.87,2.55,N
20.96611,85.16463,307.29,0.35,0.56,2026-09-05,2046,N,VIIRS,n,2.0NRT,287.47,1.93,N
20.96626,86.00883,319.76,0.39,0.59,2026-09-05,2046,N,VIIRS,n,2.0NRT,288.78,2.55,N
20.96627,85.18915,309.58,0.35,0.57,2026-09-05,2046,N,VIIRS,n,2.0NRT,288,1.67,N
20.96822,85.15479,307.93,0.35,0.56,2026-09-05,2046,N,VIIRS,n,2.0NRT,288.01,2.87,N
20.96894,85.15144,339.81,0.35,0.56,2026-09-05,2046,N,VIIRS,n,2.0NRT,288.69,5.08,N
20.96912,85.1758,318.77,0.35,0.57,2026-09-05,2046,N,VIIRS,n,2.0NRT,288.11,4.27,N
20.96983,85.17253,335.81,0.35,0.57,2026-09-05,2046,N,VIIRS,n,2.0NRT,288.32,2.04,N
20.97081,86.01405,327.75,0.39,0.59,2026-09-05,2046,N,VIIRS,n,2.0NRT,289.02,2.55,N
20.97165,86.01027,305.74,0.39,0.59,2026-09-05,2046,N,VIIRS,n,2.0NRT,289.26,2.55,N
20.97332,86.00273,307.13,0.39,0.59,2026-09-05,2046,N,VIIRS,n,2.0NRT,288.82,5.04,N
20.97495,85.17385,310.9,0.35,0.57,2026-09-05,2046,N,VIIRS,n,2.0NRT,287.89,1.44,N
20.97565,85.17059,311.04,0.35,0.56,2026-09-05,2046,N,VIIRS,n,2.0NRT,287.42,1.44,N
20.97636,85.1673,307.05,0.35,0.56,2026-09-05,2046,N,VIIRS,n,2.0NRT,287.84,1.86,N
20.97758,85.13626,310.46,0.35,0.56,2026-09-05,2046,N,VIIRS,n,2.0NRT,288.32,1.68,N
20.97829,85.13296,306.72,0.35,0.56,2026-09-05,2046,N,VIIRS,n,2.0NRT,288.96,2.12,N
20.98341,85.13425,304.37,0.35,0.56,2026-09-05,2046,N,VIIRS,n,2.0NRT,287.74,1.44,N
21.00243,86.02597,306.67,0.39,0.59,2026-09-05,2046,N,VIIRS,n,2.0NRT,288.82,3.58,N
21.33674,78.97054,306.77,0.45,0.39,2026-09-05,2046,N,VIIRS,n,2.0NRT,287.46,1.04,N
21.57817,82.02279,298.05,0.43,0.46,2026-09-05,2046,N,VIIRS,n,2.0NRT,285.6,1.82,N
21.96996,85.3136,301.33,0.34,0.56,2026-09-05,2046,N,VIIRS,n,2.0NRT,286.98,1.69,N
22.05124,88.12263,306.46,0.5,0.66,2026-09-05,2046,N,VIIRS,n,2.0NRT,287.53,1.99,N
22.05524,88.12738,308.96,0.5,0.66,2026-09-05,2046,N,VIIRS,n,2.0NRT,287.38,1.6,N
22.05639,88.1225,304.22,0.5,0.66,2026-09-05,2046,N,VIIRS,n,2.0NRT,287.22,1.6,N
22.05721,88.12426,307.72,0.5,0.66,2026-09-05,2046,N,VIIRS,n,2.0NRT,287.52,1.99,N
22.20868,84.86357,304.19,0.63,0.54,2026-09-05,2046,N,VIIRS,n,2.0NRT,288.58,3.01,N
22.24478,87.38964,305.49,0.45,0.63,2026-09-05,2046,N,VIIRS,n,2.0NRT,288.62,0.71,N
22.36147,87.01765,309.38,0.42,0.61,2026-09-05,2046,N,VIIRS,n,2.0NRT,289.41,1.12,N
22.36242,87.30013,305.66,0.44,0.62,2026-09-05,2046,N,VIIRS,n,2.0NRT,288.63,1.39,N
22.36706,87.01907,313.72,0.42,0.61,2026-09-05,2046,N,VIIRS,n,2.0NRT,289.89,1.12,N
22.36731,87.30403,309.19,0.44,0.62,2026-09-05,2046,N,VIIRS,n,2.0NRT,288.63,2.06,N
22.36808,87.30167,310.24,0.44,0.62,2026-09-05,2046,N,VIIRS,n,2.0NRT,288.1,2.1,N
22.36829,87.29976,309.34,0.44,0.62,2026-09-05,2046,N,VIIRS,n,2.0NRT,286.86,1.67,N
22.36908,87.2974,304.62,0.44,0.62,2026-09-05,2046,N,VIIRS,n,2.0NRT,284.39,0.53,N
22.37874,87.28191,307.02,0.44,0.62,2026-09-05,2046,N,VIIRS,n,2.0NRT,284.97,1.08,N
22.37881,87.27996,318.15,0.44,0.62,2026-09-05,2046,N,VIIRS,n,2.0NRT,285.4,2.47,N
22.37973,87.27766,308.18,0.44,0.62,2026-09-05,2046,N,VIIRS,n,2.0NRT,284.46,1.08,N
22.57162,85.89843,310.28,0.36,0.57,2026-09-05,2046,N,VIIRS,n,2.0NRT,288.88,1.39,N
22.57186,85.89901,307.13,0.36,0.57,2026-09-05,2046,N,VIIRS,n,2.0NRT,288.97,1.32,N
22.57237,85.89508,312.43,0.36,0.57,2026-09-05,2046,N,VIIRS,n,2.0NRT,288.9,1.39,N
22.5726,85.89563,315.04,0.36,0.57,2026-09-05,2046,N,VIIRS,n,2.0NRT,289.31,1.32,N
22.57314,85.89168,307.27,0.36,0.57,2026-09-05,2046,N,VIIRS,n,2.0NRT,289.17,1.6,N
22.57335,85.89222,307.09,0.36,0.57,2026-09-05,2046,N,VIIRS,n,2.0NRT,289.03,1.64,N
22.59233,85.90408,305.92,0.36,0.57,2026-09-05,2046,N,VIIRS,n,2.0NRT,288.9,0.78,N
22.61234,85.91286,304.85,0.36,0.57,2026-09-05,2046,N,VIIRS,n,2.0NRT,288.86,0.63,N
22.78704,86.20657,336.36,0.37,0.58,2026-09-05,2046,N,VIIRS,n,2.0NRT,289.55,2.71,N
22.78784,86.20303,309.19,0.37,0.58,2026-09-05,2046,N,VIIRS,n,2.0NRT,289.34,2.71,N
22.78863,86.19949,306,0.37,0.58,2026-09-05,2046,N,VIIRS,n,2.0NRT,289.8,1.26,N
22.78942,86.19597,308.1,0.37,0.58,2026-09-05,2046,N,VIIRS,n,2.0NRT,289.55,1.26,N
22.7975,86.20966,308.81,0.37,0.58,2026-09-05,2046,N,VIIRS,n,2.0NRT,288.97,1.44,N
22.79832,86.20602,319.84,0.37,0.58,2026-09-05,2046,N,VIIRS,n,2.0NRT,288.96,1.44,N
22.80193,86.09046,314.38,0.36,0.58,2026-09-05,2046,N,VIIRS,n,2.0NRT,289.31,2.09,N
22.87299,86.06194,318,0.36,0.57,2026-09-05,2046,N,VIIRS,n,2.0NRT,289.02,1.62,N
22.87387,86.06493,304.88,0.36,0.57,2026-09-05,2046,N,VIIRS,n,2.0NRT,288.81,0.9,N
22.87465,86.06137,308.9,0.36,0.57,2026-09-05,2046,N,VIIRS,n,2.0NRT,288.82,0.9,N
23.5474,86.53539,301.35,0.37,0.58,2026-09-05,2046,N,VIIRS,n,2.0NRT,280.35,0.53,N
23.64866,85.44,299.87,0.32,0.54,2026-09-05,2046,N,VIIRS,n,2.0NRT,274.08,0.32,N
23.64934,85.43687,299.05,0.32,0.54,2026-09-05,2046,N,VIIRS,n,2.0NRT,271.74,0.32,N
23.65503,85.5074,307.41,0.32,0.55,2026-09-05,2046,N,VIIRS,n,2.0NRT,283.93,1.06,N
23.65894,85.50828,303.09,0.32,0.55,2026-09-05,2046,N,VIIRS,n,2.0NRT,285.19,1.23,N
23.66264,87.15807,305.04,0.41,0.6,2026-09-05,2046,N,VIIRS,n,2.0NRT,280.27,2.21,N
23.66354,87.15416,309.16,0.41,0.6,2026-09-05,2046,N,VIIRS,n,2.0NRT,280.21,2.85,N
23.67692,86.08581,305.12,0.35,0.57,2026-09-05,2046,N,VIIRS,n,2.0NRT,277.3,1.1,N
23.67832,86.39969,311.12,0.36,0.58,2026-09-05,2046,N,VIIRS,n,2.0NRT,288.74,3.47,N
23.67911,86.39612,308.56,0.36,0.58,2026-09-05,2046,N,VIIRS,n,2.0NRT,288.37,1.9,N
23.67989,86.39262,310.41,0.36,0.58,2026-09-05,2046,N,VIIRS,n,2.0NRT,287.59,1.9,N
23.68052,86.094,301.32,0.35,0.57,2026-09-05,2046,N,VIIRS,n,2.0NRT,274.43,0.93,N
23.68354,86.3924,317.36,0.36,0.58,2026-09-05,2046,N,VIIRS,n,2.0NRT,287.63,4.39,N
23.69034,86.43555,303.17,0.37,0.58,2026-09-05,2046,N,VIIRS,n,2.0NRT,281.46,0.77,N
23.69439,85.372,308.29,0.63,0.54,2026-09-05,2046,N,VIIRS,n,2.0NRT,279.18,3.4,N
23.6945,85.37199,309.93,0.63,0.54,2026-09-05,2046,N,VIIRS,n,2.0NRT,281.38,3.98,N
23.69453,86.07994,302.22,0.35,0.57,2026-09-05,2046,N,VIIRS,n,2.0NRT,272.29,0.75,N
23.70117,86.07451,298.32,0.35,0.57,2026-09-05,2046,N,VIIRS,n,2.0NRT,266.21,0.77,N
23.70973,86.44808,315.23,0.37,0.58,2026-09-05,2046,N,VIIRS,n,2.0NRT,285.54,2.15,N
23.71498,86.44942,307.91,0.37,0.58,2026-09-05,2046,N,VIIRS,n,2.0NRT,284.92,2.22,N
23.73551,86.43227,309.67,0.37,0.58,2026-09-05,2046,N,VIIRS,n,2.0NRT,276.83,1.68,N
23.74075,86.43363,304.09,0.37,0.58,2026-09-05,2046,N,VIIRS,n,2.0NRT,278.08,1.41,N
23.75568,85.85284,304.07,0.34,0.56,2026-09-05,2046,N,VIIRS,n,2.0NRT,277.94,0.97,N
23.75916,86.40092,297.2,0.36,0.58,2026-09-05,2046,N,VIIRS,n,2.0NRT,258.38,1.87,N
23.78521,85.55125,307.79,0.32,0.55,2026-09-05,2046,N,VIIRS,n,2.0NRT,282.31,0.87,N
23.79019,85.55246,308.47,0.32,0.55,2026-09-05,2046,N,VIIRS,n,2.0NRT,282.49,0.87,N
24.44885,83.0391,300.77,0.44,0.46,2026-09-05,2046,N,VIIRS,n,2.0NRT,280.08,0.66,N
25.38617,68.58049,306.42,0.57,0.52,2026-09-05,2046,N,VIIRS,n,2.0NRT,294.73,1.89,N
25.38985,68.5817,309.94,0.57,0.52,2026-09-05,2046,N,VIIRS,n,2.0NRT,294.74,1.86,N
26.75865,83.20107,303.4,0.41,0.45,2026-09-05,2046,N,VIIRS,n,2.0NRT,284.8,1.1,N
8.12086,80.55772,304.17,0.6,0.53,2026-09-05,2049,N,VIIRS,n,2.0NRT,284.69,1.13,N
11.6361,77.65678,327.2,0.52,0.41,2026-09-05,2049,N,VIIRS,n,2.0NRT,290.59,2.4,N
12.62502,79.78784,308.38,0.44,0.46,2026-09-05,2049,N,VIIRS,n,2.0NRT,289.72,1.63,N
13.16061,80.2888,315.1,0.47,0.48,2026-09-05,2049,N,VIIRS,n,2.0NRT,289.67,1.1,N
13.16123,80.28672,323.74,0.47,0.48,2026-09-05,2049,N,VIIRS,n,2.0NRT,289.72,2.49,N
13.16142,80.28448,309.21,0.47,0.48,2026-09-05,2049,N,VIIRS,n,2.0NRT,289.81,1.99,N
13.41842,75.98045,306.9,0.42,0.37,2026-09-05,2049,N,VIIRS,n,2.0NRT,291.32,0.73,N
13.71024,79.61983,308.48,0.42,0.45,2026-09-05,2049,N,VIIRS,n,2.0NRT,293.37,1.7,N
13.89843,76.56497,313.55,0.43,0.38,2026-09-05,2049,N,VIIRS,n,2.0NRT,293.28,1.25,N
14.15012,77.59451,305.37,0.48,0.4,2026-09-05,2049,N,VIIRS,n,2.0NRT,293.27,1.16,N
14.15089,77.59003,320.11,0.48,0.4,2026-09-05,2049,N,VIIRS,n,2.0NRT,293.75,2.02,N
17.60913,83.20568,317.89,0.6,0.53,2026-09-05,2049,N,VIIRS,n,2.0NRT,290.33,6.72,N
17.6949,83.24507,309.35,0.6,0.53,2026-09-05,2049,N,VIIRS,n,2.0NRT,290.69,3.38,N
18.71578,79.54022,308.94,0.52,0.41,2026-09-05,2049,N,VIIRS,n,2.0NRT,290.52,1.46,N
18.72045,79.53607,307.44,0.52,0.41,2026-09-05,2049,N,VIIRS,n,2.0NRT,290.76,1.46,N
19.09932,82.16781,317.65,0.49,0.48,2026-09-05,2049,N,VIIRS,n,2.0NRT,288.78,3.2,N
19.10373,82.16882,307.37,0.49,0.48,2026-09-05,2049,N,VIIRS,n,2.0NRT,289.24,1.32,N
20.65857,78.49527,304.78,0.44,0.38,2026-09-05,2049,N,VIIRS,n,2.0NRT,289.97,0.7,N
20.90938,71.45822,311.03,0.51,0.41,2026-09-05,2049,N,VIIRS,n,2.0NRT,293.48,1.45,N
21.1028,72.63883,305.88,0.45,0.39,2026-09-05,2049,N,VIIRS,n,2.0NRT,292.33,4.18,N
21.10341,72.63448,327.06,0.45,0.39,2026-09-05,2049,N,VIIRS,n,2.0NRT,292.52,5.41,N
21.10517,72.6481,316.64,0.45,0.39,2026-09-05,2049,N,VIIRS,n,2.0NRT,294.04,6.41,N
21.10577,72.64375,331.2,0.45,0.39,2026-09-05,2049,N,VIIRS,n,2.0NRT,294.54,8.99,N
21.11057,72.63561,313.66,0.45,0.39,2026-09-05,2049,N,VIIRS,n,2.0NRT,293.99,4.62,N
27.85909,95.18375,328.42,0.32,0.55,2026-09-06,620,N,VIIRS,n,2.0NRT,289.01,2.18,D
27.85981,95.18361,327.99,0.32,0.55,2026-09-06,620,N,VIIRS,n,2.0NRT,289.13,1.57,D
27.87185,96.92667,355.9,0.51,0.49,2026-09-06,620,N,VIIRS,n,2.0NRT,293.57,13.81,D
27.87505,96.91943,330.24,0.51,0.49,2026-09-06,620,N,VIIRS,n,2.0NRT,293.34,5.64,D
27.87594,96.92361,352.66,0.51,0.49,2026-09-06,620,N,VIIRS,n,2.0NRT,292.76,13.81,D
27.88107,96.92548,340,0.51,0.49,2026-09-06,620,N,VIIRS,n,2.0NRT,292.87,5.9,D
28.49895,97.02425,334.33,0.49,0.49,2026-09-06,620,N,VIIRS,n,2.0NRT,290.41,5.06,D
6.13792,81.04801,333.95,0.48,0.4,2026-09-06,756,N,VIIRS,l,2.0NRT,298.08,4.6,D
6.14477,81.02021,334.72,0.48,0.4,2026-09-06,756,N,VIIRS,n,2.0NRT,299.55,6.65,D
6.22826,80.84173,335.94,0.49,0.4,2026-09-06,756,N,VIIRS,n,2.0NRT,303.5,6.27,D
6.3734,80.78799,347.93,0.49,0.4,2026-09-06,756,N,VIIRS,n,2.0NRT,302.26,8.95,D
6.38152,81.02921,337.57,0.48,0.4,2026-09-06,756,N,VIIRS,n,2.0NRT,299.39,3.96,D
6.41315,81.08602,334.96,0.48,0.4,2026-09-06,756,N,VIIRS,l,2.0NRT,300.91,21.13,D
6.45064,81.04218,335.99,0.48,0.4,2026-09-06,756,N,VIIRS,l,2.0NRT,299.3,4.44,D
6.51854,80.91232,333.81,0.48,0.4,2026-09-06,756,N,VIIRS,l,2.0NRT,301.07,4.88,D
6.52024,80.91105,335.82,0.48,0.4,2026-09-06,756,N,VIIRS,l,2.0NRT,302.82,5.9,D
6.52079,80.76308,332.35,0.49,0.4,2026-09-06,756,N,VIIRS,n,2.0NRT,299.43,3.7,D
6.59875,80.79769,332.09,0.49,0.4,2026-09-06,756,N,VIIRS,l,2.0NRT,297.39,6.85,D
6.60208,80.96151,332.27,0.48,0.4,2026-09-06,756,N,VIIRS,l,2.0NRT,305.28,6.43,D
6.61155,80.78236,330.68,0.49,0.4,2026-09-06,756,N,VIIRS,n,2.0NRT,297.81,2.15,D
6.61357,80.78343,338.79,0.49,0.4,2026-09-06,756,N,VIIRS,n,2.0NRT,298.05,4.7,D
6.70751,81.38259,337.54,0.46,0.39,2026-09-06,756,N,VIIRS,l,2.0NRT,304.87,11.19,D
6.75454,81.35403,349.67,0.46,0.39,2026-09-06,756,N,VIIRS,n,2.0NRT,305.88,11.62,D
6.78676,81.53317,340.98,0.45,0.39,2026-09-06,756,N,VIIRS,l,2.0NRT,305.84,6.74,D
6.814,81.52053,341.56,0.45,0.39,2026-09-06,756,N,VIIRS,l,2.0NRT,304.51,6.31,D
6.82884,81.46439,331.15,0.45,0.39,2026-09-06,756,N,VIIRS,l,2.0NRT,304.77,2.93,D
6.84022,81.46677,355.22,0.45,0.39,2026-09-06,756,N,VIIRS,n,2.0NRT,308.37,10.8,D
6.8483,81.40302,337.34,0.45,0.39,2026-09-06,756,N,VIIRS,l,2.0NRT,301.76,3.42,D
6.85239,81.03367,332.47,0.47,0.4,2026-09-06,756,N,VIIRS,n,2.0NRT,294.64,3.41,D
6.86452,81.32029,338.43,0.46,0.39,2026-09-06,756,N,VIIRS,n,2.0NRT,300.65,6.07,D
6.8768,81.67124,355.75,0.44,0.38,2026-09-06,756,N,VIIRS,n,2.0NRT,305.84,19.23,D
6.87744,81.67522,347.51,0.44,0.38,2026-09-06,756,N,VIIRS,n,2.0NRT,305.46,19.23,D
6.8797,81.66669,332.17,0.44,0.38,2026-09-06,756,N,VIIRS,l,2.0NRT,304.13,5.67,D
6.88034,81.67067,353.84,0.44,0.38,2026-09-06,756,N,VIIRS,n,2.0NRT,306.22,19.23,D
6.88098,81.67465,353.37,0.44,0.38,2026-09-06,756,N,VIIRS,n,2.0NRT,309.71,19.23,D
6.98437,81.59746,342.97,0.44,0.39,2026-09-06,756,N,VIIRS,n,2.0NRT,305.09,10.62,D
6.986,81.5849,348.85,0.44,0.39,2026-09-06,756,N,VIIRS,n,2.0NRT,305.94,12.33,D
6.98664,81.5889,342.62,0.44,0.39,2026-09-06,756,N,VIIRS,n,2.0NRT,304.69,13.38,D
6.99438,81.5918,337.1,0.44,0.39,2026-09-06,756,N,VIIRS,l,2.0NRT,303.3,6.7,D
6.99694,81.60781,336.99,0.44,0.39,2026-09-06,756,N,VIIRS,n,2.0NRT,305.41,6.84,D
7.10436,81.25865,337.91,0.46,0.39,2026-09-06,756,N,VIIRS,l,2.0NRT,299.99,10.5,D
7.22925,81.54749,348.48,0.44,0.39,2026-09-06,756,N,VIIRS,n,2.0NRT,303.72,12.05,D
7.33192,81.83062,340.22,0.43,0.38,2026-09-06,756,N,VIIRS,l,2.0NRT,303.51,7,D
7.3712,81.71616,339.08,0.44,0.38,2026-09-06,756,N,VIIRS,l,2.0NRT,301.78,5.74,D
7.41811,81.62414,335.55,0.44,0.38,2026-09-06,756,N,VIIRS,n,2.0NRT,296.76,4.13,D
7.42337,81.72427,335.7,0.43,0.38,2026-09-06,756,N,VIIRS,l,2.0NRT,301.47,3.38,D
7.42859,81.66696,333.37,0.44,0.38,2026-09-06,756,N,VIIRS,l,2.0NRT,299.72,4.84,D
7.60936,80.93732,335.7,0.47,0.4,2026-09-06,756,N,VIIRS,l,2.0NRT,301.95,7.12,D
7.61,80.94065,342.03,0.47,0.4,2026-09-06,756,N,VIIRS,l,2.0NRT,303.6,13.52,D
7.61005,80.94154,332.01,0.47,0.4,2026-09-06,756,N,VIIRS,l,2.0NRT,301.28,7.12,D
7.69491,80.81984,335.43,0.47,0.4,2026-09-06,756,N,VIIRS,n,2.0NRT,300.54,7.2,D
7.69565,80.82321,335.67,0.47,0.4,2026-09-06,756,N,VIIRS,l,2.0NRT,301.46,5.79,D
7.77909,81.10803,332.78,0.46,0.39,2026-09-06,756,N,VIIRS,n,2.0NRT,294.64,4.55,D
7.84125,80.23163,331.08,0.51,0.41,2026-09-06,756,N,VIIRS,l,2.0NRT,298.44,6.36,D
7.84201,80.23619,331.24,0.51,0.41,2026-09-06,756,N,VIIRS,l,2.0NRT,298.92,4.13,D
7.84577,80.23558,336.04,0.51,0.41,2026-09-06,756,N,VIIRS,n,2.0NRT,298.88,4.13,D
7.87201,80.30141,344.8,0.5,0.41,2026-09-06,756,N,VIIRS,n,2.0NRT,299.8,7.11,D
7.89036,80.43704,342.62,0.49,0.4,2026-09-06,756,N,VIIRS,l,2.0NRT,297.47,13.18,D
7.91617,80.31277,333.74,0.5,0.41,2026-09-06,756,N,VIIRS,l,2.0NRT,298.42,13.18,D
7.95103,80.12518,336.62,0.51,0.41,2026-09-06,756,N,VIIRS,n,2.0NRT,298.53,8.13,D
7.95897,81.18918,332.46,0.45,0.39,2026-09-06,756,N,VIIRS,l,2.0NRT,301.56,5.46,D
8.00894,81.30312,331.75,0.45,0.39,2026-09-06,756,N,VIIRS,n,2.0NRT,297.93,2.97,D
8.01671,81.30602,337.18,0.45,0.39,2026-09-06,756,N,VIIRS,l,2.0NRT,299.87,9.02,D
8.02274,80.63313,340.91,0.48,0.4,2026-09-06,756,N,VIIRS,l,2.0NRT,300.64,11.54,D
8.03835,80.35418,341.72,0.5,0.41,2026-09-06,756,N,VIIRS,n,2.0NRT,296.93,7.63,D
8.08336,80.1761,336.55,0.51,0.41,2026-09-06,756,N,VIIRS,n,2.0NRT,298.36,8.84,D
8.11108,80.60191,333.84,0.48,0.4,2026-09-06,756,N,VIIRS,l,2.0NRT,300.27,4.13,D
8.12533,80.55049,332.17,0.48,0.4,2026-09-06,756,N,VIIRS,l,2.0NRT,302.12,5.23,D
8.15541,80.45531,335.29,0.49,0.4,2026-09-06,756,N,VIIRS,n,2.0NRT,299.82,7.45,D
8.22669,80.60183,335.12,0.48,0.4,2026-09-06,756,N,VIIRS,l,2.0NRT,299.46,4.55,D
8.22726,80.32596,334.35,0.49,0.41,2026-09-06,756,N,VIIRS,n,2.0NRT,296.89,2.74,D
8.23099,80.32535,335.4,0.49,0.41,2026-09-06,756,N,VIIRS,n,2.0NRT,296.16,2.74,D
8.2361,80.16422,336.92,0.5,0.41,2026-09-06,756,N,VIIRS,l,2.0NRT,300.06,5.42,D
8.23612,80.1665,338.29,0.5,0.41,2026-09-06,756,N,VIIRS,l,2.0NRT,299.55,6,D
8.25071,80.2575,331.3,0.5,0.41,2026-09-06,756,N,VIIRS,l,2.0NRT,299.64,4.58,D
8.255,80.25446,334.57,0.5,0.41,2026-09-06,756,N,VIIRS,l,2.0NRT,299.29,4.7,D
8.25819,80.25628,337.49,0.5,0.41,2026-09-06,756,N,VIIRS,l,2.0NRT,299.47,8.63,D
8.26466,80.15013,332.6,0.5,0.41,2026-09-06,756,N,VIIRS,l,2.0NRT,295.15,1.55,D
8.26842,80.14952,346.01,0.5,0.41,2026-09-06,756,N,VIIRS,n,2.0NRT,297.91,10.91,D
8.27718,81.00146,331.91,0.46,0.39,2026-09-06,756,N,VIIRS,l,2.0NRT,297.76,8.12,D
8.29321,80.18297,340.21,0.5,0.41,2026-09-06,756,N,VIIRS,n,2.0NRT,298.89,9.1,D
8.29433,80.57742,331.23,0.48,0.4,2026-09-06,756,N,VIIRS,l,2.0NRT,296.58,15.45,D
8.30794,81.00919,332.94,0.46,0.39,2026-09-06,756,N,VIIRS,n,2.0NRT,296.67,5.61,D
8.36934,80.17639,338.25,0.5,0.41,2026-09-06,756,N,VIIRS,l,2.0NRT,294.62,12.84,D
8.40032,80.43282,349.45,0.49,0.4,2026-09-06,756,N,VIIRS,l,2.0NRT,301.27,14.49,D
8.42356,80.34282,332.46,0.49,0.4,2026-09-06,756,N,VIIRS,n,2.0NRT,297.82,4.74,D
8.4589,80.62856,335.02,0.47,0.4,2026-09-06,756,N,VIIRS,l,2.0NRT,298.1,6.95,D
8.47988,80.45582,333.2,0.48,0.4,2026-09-06,756,N,VIIRS,l,2.0NRT,298.07,5.17,D
8.48052,80.82955,340.74,0.46,0.39,2026-09-06,756,N,VIIRS,l,2.0NRT,302.42,12.26,D
8.48561,80.74661,333.16,0.47,0.4,2026-09-06,756,N,VIIRS,l,2.0NRT,302.15,6.65,D
8.4977,80.24945,349.04,0.49,0.41,2026-09-06,756,N,VIIRS,n,2.0NRT,300.89,15.55,D
8.50583,80.82543,345.18,0.46,0.39,2026-09-06,756,N,VIIRS,l,2.0NRT,303.37,15.74,D
8.50974,80.18266,335.74,0.5,0.41,2026-09-06,756,N,VIIRS,l,2.0NRT,294.4,23.97,D
8.51251,80.54554,331.71,0.48,0.4,2026-09-06,756,N,VIIRS,l,2.0NRT,296.75,3.9,D
8.51295,80.54437,332.69,0.48,0.4,2026-09-06,756,N,VIIRS,n,2.0NRT,295.51,3.69,D
8.51461,80.60179,354.81,0.47,0.4,2026-09-06,756,N,VIIRS,n,2.0NRT,301.69,13.37,D
8.51488,80.78951,340.7,0.46,0.39,2026-09-06,756,N,VIIRS,l,2.0NRT,299.95,7.49,D
8.51827,80.60117,367,0.47,0.4,2026-09-06,756,N,VIIRS,h,2.0NRT,301.36,18.88,D
8.53316,80.83387,343.15,0.46,0.39,2026-09-06,756,N,VIIRS,n,2.0NRT,298.66,10.43,D
8.56329,80.62575,340.26,0.47,0.4,2026-09-06,756,N,VIIRS,l,2.0NRT,301.67,11.53,D
8.5646,80.74776,343.58,0.47,0.39,2026-09-06,756,N,VIIRS,l,2.0NRT,300.17,40.67,D
8.60105,80.55779,345.36,0.48,0.4,2026-09-06,756,N,VIIRS,l,2.0NRT,299.55,17.5,D
8.61943,80.69527,333.64,0.47,0.4,2026-09-06,756,N,VIIRS,l,2.0NRT,299.75,7.65,D
8.62829,80.68075,330.67,0.47,0.4,2026-09-06,756,N,VIIRS,l,2.0NRT,300.46,8.73,D
8.63712,80.64507,330.48,0.47,0.4,2026-09-06,756,N,VIIRS,l,2.0NRT,300.83,5.86,D
8.63741,80.64435,330.11,0.47,0.4,2026-09-06,756,N,VIIRS,l,2.0NRT,300.41,4.35,D
8.64313,78.06151,334.8,0.44,0.46,2026-09-06,756,N,VIIRS,n,2.0NRT,298.2,3.63,D
8.64496,78.06096,334.28,0.44,0.46,2026-09-06,756,N,VIIRS,n,2.0NRT,298.39,3.84,D
8.64888,80.62563,335,0.47,0.4,2026-09-06,756,N,VIIRS,l,2.0NRT,298.56,6.18,D
8.65905,80.50457,345.93,0.48,0.4,2026-09-06,756,N,VIIRS,n,2.0NRT,297.52,10.58,D
8.69569,77.7998,344.6,0.46,0.47,2026-09-06,756,N,VIIRS,n,2.0NRT,299.54,12.9,D
8.69938,80.40393,335.76,0.48,0.4,2026-09-06,756,N,VIIRS,n,2.0NRT,298.17,6.06,D
8.74934,80.53089,339.58,0.48,0.4,2026-09-06,756,N,VIIRS,l,2.0NRT,301.56,11.42,D
8.75005,80.53522,338.42,0.48,0.4,2026-09-06,756,N,VIIRS,l,2.0NRT,300.56,16.54,D
8.75129,77.44485,343.06,0.48,0.48,2026-09-06,756,N,VIIRS,n,2.0NRT,299.3,6.9,D
8.78857,80.56424,331.8,0.47,0.4,2026-09-06,756,N,VIIRS,n,2.0NRT,295.9,5.45,D
8.7964,80.58931,345.2,0.47,0.4,2026-09-06,756,N,VIIRS,n,2.0NRT,298.48,7.92,D
8.89297,80.58804,339.2,0.47,0.4,2026-09-06,756,N,VIIRS,l,2.0NRT,300.99,11.58,D
8.89856,80.87868,333.91,0.46,0.39,2026-09-06,756,N,VIIRS,n,2.0NRT,298.42,4.45,D
8.89988,80.87962,330.52,0.46,0.39,2026-09-06,756,N,VIIRS,l,2.0NRT,297.62,5.99,D
8.91521,80.44745,345.28,0.48,0.4,2026-09-06,756,N,VIIRS,n,2.0NRT,296.84,6.67,D
8.92181,80.53501,334.74,0.47,0.4,2026-09-06,756,N,VIIRS,l,2.0NRT,294.82,7.21,D
8.94726,80.80805,330.28,0.46,0.39,2026-09-06,756,N,VIIRS,l,2.0NRT,296.71,4.81,D
8.95371,80.87083,333.82,0.46,0.39,2026-09-06,756,N,VIIRS,n,2.0NRT,296.18,4.19,D
8.97766,80.79027,330.64,0.46,0.39,2026-09-06,756,N,VIIRS,l,2.0NRT,299.52,10.07,D
8.99992,80.78308,342.03,0.46,0.39,2026-09-06,756,N,VIIRS,n,2.0NRT,295.46,7,D
9.21651,80.32494,334.09,0.48,0.4,2026-09-06,756,N,VIIRS,l,2.0NRT,297.82,8.53,D
9.23311,78.75137,337.36,0.39,0.44,2026-09-06,756,N,VIIRS,n,2.0NRT,297.91,2.59,D
9.37995,80.32283,337.54,0.48,0.4,2026-09-06,756,N,VIIRS,n,2.0NRT,298.09,8.4,D
9.38268,80.52093,330.96,0.47,0.4,2026-09-06,756,N,VIIRS,l,2.0NRT,294.06,7.72,D
9.69221,77.82102,340.85,0.44,0.46,2026-09-06,756,N,VIIRS,n,2.0NRT,294.22,4.64,D
9.78295,77.51691,340.9,0.46,0.47,2026-09-06,756,N,VIIRS,n,2.0NRT,289.11,10.03,D
11.19149,79.82079,338.01,0.48,0.4,2026-09-06,756,N,VIIRS,n,2.0NRT,293.68,6.32,D
11.73491,76.77407,338.02,0.48,0.48,2026-09-06,756,N,VIIRS,n,2.0NRT,295.97,6.41,D
14.64825,75.44234,340.81,0.52,0.5,2026-09-06,758,N,VIIRS,n,2.0NRT,296.4,4.6,D
14.76573,77.04627,346.38,0.41,0.45,2026-09-06,758,N,VIIRS,n,2.0NRT,304.13,5.72,D
14.90104,77.50089,342.54,0.38,0.43,2026-09-06,758,N,VIIRS,n,2.0NRT,298.4,7,D
15.08584,77.31924,341.72,0.39,0.44,2026-09-06,758,N,VIIRS,n,2.0NRT,300.95,7.01,D
15.17639,76.65804,330.31,0.43,0.46,2026-09-06,758,N,VIIRS,l,2.0NRT,301.52,4.81,D
15.18268,76.66901,335.64,0.43,0.46,2026-09-06,758,N,VIIRS,n,2.0NRT,301.2,4.48,D
17.24984,78.81324,332.6,0.46,0.39,2026-09-06,758,N,VIIRS,n,2.0NRT,299,4.69,D
17.31903,82.25283,335.47,0.38,0.36,2026-09-06,758,N,VIIRS,n,2.0NRT,297.73,3.74,D
17.6088,83.20451,330.67,0.4,0.37,2026-09-06,758,N,VIIRS,n,2.0NRT,297.88,4.73,D
18.31238,82.37919,333.51,0.39,0.36,2026-09-06,758,N,VIIRS,n,2.0NRT,298.13,2.64,D
18.70286,72.34399,327.4,0.35,0.56,2026-09-06,758,N,VIIRS,n,2.0NRT,290.85,1.7,D
19.33445,83.43093,334.55,0.41,0.37,2026-09-06,758,N,VIIRS,n,2.0NRT,302.13,3.33,D
20.53382,85.9104,336.89,0.54,0.42,2026-09-06,758,N,VIIRS,n,2.0NRT,292.52,7,D
20.96956,86.01638,333.55,0.56,0.43,2026-09-06,758,N,VIIRS,n,2.0NRT,296.57,7.92,D
21.10245,72.63563,335.21,0.6,0.53,2026-09-06,801,N,VIIRS,n,2.0NRT,291.91,7.51,D
21.10482,72.64702,334.96,0.6,0.53,2026-09-06,801,N,VIIRS,n,2.0NRT,294.61,6.89,D
22.35737,82.30364,340.16,0.4,0.37,2026-09-06,801,N,VIIRS,n,2.0NRT,298.83,7.02,D
22.36074,82.30308,335.18,0.4,0.37,2026-09-06,801,N,VIIRS,n,2.0NRT,297.5,4.18,D
22.78975,86.19833,330.22,0.4,0.44,2026-09-06,801,N,VIIRS,n,2.0NRT,295.19,4.84,D
23.63325,70.43996,335.41,0.36,0.58,2026-09-06,801,N,VIIRS,n,2.0NRT,295.9,4.13,D
24.1597,82.56544,335.99,0.42,0.38,2026-09-06,801,N,VIIRS,n,2.0NRT,294.03,3.44,D
25.70847,73.58088,331.75,0.43,0.46,2026-09-06,801,N,VIIRS,n,2.0NRT,298.37,2.5,D
26.63973,72.26364,339.78,0.49,0.49,2026-09-06,803,N,VIIRS,n,2.0NRT,302.25,3.86,D
27.64392,69.48135,340.12,0.34,0.56,2026-09-06,803,N,VIIRS,n,2.0NRT,302.18,2.23,D
27.9254,69.84502,347.18,0.32,0.55,2026-09-06,803,N,VIIRS,n,2.0NRT,302.92,2.71,D
27.92614,69.84824,342.67,0.32,0.55,2026-09-06,803,N,VIIRS,n,2.0NRT,302.05,2.71,D
30.8377,72.16951,331.87,0.41,0.45,2026-09-06,803,N,VIIRS,n,2.0NRT,298.45,2.38,D
31.20359,72.1606,330.81,0.41,0.45,2026-09-06,803,N,VIIRS,l,2.0NRT,301.76,1.24,D
30.06614,96.97713,301.81,0.42,0.61,2026-09-06,1843,N,VIIRS,n,2.0NRT,284.61,1.37,N
22.01113,97.17472,312.25,0.33,0.55,2026-09-06,1845,N,VIIRS,n,2.0NRT,286.47,0.98,N
22.01146,97.1714,303.04,0.33,0.55,2026-09-06,1845,N,VIIRS,n,2.0NRT,286.06,0.98,N
27.37661,95.33383,307.74,0.49,0.65,2026-09-06,1845,N,VIIRS,n,2.0NRT,285.68,1.04,N
27.37713,95.33389,307.77,0.49,0.65,2026-09-06,1845,N,VIIRS,n,2.0NRT,285.43,0.49,N
27.31435,95.26549,304.05,0.53,0.67,2026-09-06,2025,N,VIIRS,n,2.0NRT,285.67,0.36,N
27.3204,95.2675,308.85,0.53,0.67,2026-09-06,2025,N,VIIRS,n,2.0NRT,285.52,0.96,N
27.45938,95.47556,301.79,0.54,0.68,2026-09-06,2025,N,VIIRS,n,2.0NRT,284.79,0.45,N
27.60275,95.40074,302.75,0.53,0.67,2026-09-06,2025,N,VIIRS,n,2.0NRT,285.56,0.71,N
28.34537,77.22824,313.79,0.55,0.43,2026-09-06,2025,N,VIIRS,n,2.0NRT,291.85,1.68,N
29.47619,76.85919,304.71,0.4,0.44,2026-09-06,2025,N,VIIRS,n,2.0NRT,292.68,2.08,N
29.47667,76.85507,333.33,0.4,0.44,2026-09-06,2025,N,VIIRS,n,2.0NRT,292.41,2.08,N
32.57378,72.56132,307.12,0.38,0.59,2026-09-06,2025,N,VIIRS,n,2.0NRT,293.46,1.3,N
33.68644,72.71115,307.02,0.38,0.59,2026-09-06,2025,N,VIIRS,n,2.0NRT,292.78,0.76,N
17.60352,83.2003,306.86,0.47,0.4,2026-09-06,2027,N,VIIRS,n,2.0NRT,288.38,1.62,N
17.60715,83.201,309.76,0.47,0.4,2026-09-06,2027,N,VIIRS,n,2.0NRT,288.37,2.44,N
17.61002,83.20612,320.93,0.47,0.4,2026-09-06,2027,N,VIIRS,n,2.0NRT,288.29,2.1,N
17.95553,80.79343,308.84,0.39,0.36,2026-09-06,2027,N,VIIRS,n,2.0NRT,285.86,1.46,N
17.95826,80.7977,304.07,0.39,0.36,2026-09-06,2027,N,VIIRS,n,2.0NRT,284.37,0.6,N
17.95887,80.79402,304.76,0.39,0.36,2026-09-06,2027,N,VIIRS,n,2.0NRT,284.02,0.76,N
18.71518,79.53973,307.53,0.39,0.36,2026-09-06,2027,N,VIIRS,n,2.0NRT,293.84,1.5,N
18.71906,79.53666,312.58,0.39,0.36,2026-09-06,2027,N,VIIRS,n,2.0NRT,294.49,1.7,N
18.72028,79.507,323.64,0.39,0.36,2026-09-06,2027,N,VIIRS,n,2.0NRT,293.83,2.51,N
19.09155,82.1703,309.99,0.42,0.37,2026-09-06,2027,N,VIIRS,n,2.0NRT,290.52,1.04,N
19.09906,82.16767,326.96,0.42,0.37,2026-09-06,2027,N,VIIRS,n,2.0NRT,290.99,3.86,N
19.10248,82.16832,312.58,0.42,0.37,2026-09-06,2027,N,VIIRS,n,2.0NRT,291.66,1.76,N
19.10314,82.16439,326.72,0.42,0.37,2026-09-06,2027,N,VIIRS,n,2.0NRT,290.28,1.34,N
19.9218,79.11452,308.01,0.39,0.36,2026-09-06,2027,N,VIIRS,n,2.0NRT,293.39,1.9,N
19.92946,79.12298,305.97,0.39,0.36,2026-09-06,2027,N,VIIRS,n,2.0NRT,293.11,1.38,N
19.93615,73.71325,306.27,0.47,0.47,2026-09-06,2027,N,VIIRS,n,2.0NRT,288.62,0.58,N
19.9623,79.33501,317.82,0.39,0.36,2026-09-06,2027,N,VIIRS,n,2.0NRT,292.43,1.46,N
20.53322,85.9088,306.94,0.4,0.44,2026-09-06,2027,N,VIIRS,n,2.0NRT,288.89,1.8,N
20.69544,78.63868,309.14,0.41,0.37,2026-09-06,2027,N,VIIRS,n,2.0NRT,292.2,0.96,N
20.75904,85.29414,310.14,0.55,0.43,2026-09-06,2027,N,VIIRS,n,2.0NRT,290.58,5.01,N
20.78524,85.26192,307.14,0.55,0.42,2026-09-06,2027,N,VIIRS,n,2.0NRT,290.34,4.31,N
20.79493,85.25308,339.28,0.54,0.42,2026-09-06,2027,N,VIIRS,n,2.0NRT,290.53,9.48,N
20.86333,84.99149,316.18,0.53,0.42,2026-09-06,2027,N,VIIRS,n,2.0NRT,291.13,2.32,N
20.86426,84.9864,318.65,0.53,0.42,2026-09-06,2027,N,VIIRS,n,2.0NRT,290.68,2.23,N
20.86714,84.99224,309.09,0.53,0.42,2026-09-06,2027,N,VIIRS,n,2.0NRT,291.07,2.81,N
20.88511,84.98045,308.02,0.52,0.42,2026-09-06,2027,N,VIIRS,n,2.0NRT,290.78,1.53,N
20.8889,84.98129,313.53,0.52,0.42,2026-09-06,2027,N,VIIRS,n,2.0NRT,290.98,1.53,N
20.96206,86.01067,312.43,0.4,0.44,2026-09-06,2027,N,VIIRS,n,2.0NRT,290.34,3.82,N
20.96279,86.00687,338.88,0.4,0.44,2026-09-06,2027,N,VIIRS,n,2.0NRT,290.58,3.82,N
20.96609,86.0116,326.24,0.4,0.44,2026-09-06,2027,N,VIIRS,n,2.0NRT,290.33,3.82,N
20.97011,86.01249,323.26,0.4,0.44,2026-09-06,2027,N,VIIRS,n,2.0NRT,289.57,6.38,N
21.17992,81.38543,316.12,0.39,0.36,2026-09-06,2027,N,VIIRS,n,2.0NRT,292.52,2.37,N
21.18324,81.38604,315.5,0.39,0.36,2026-09-06,2027,N,VIIRS,n,2.0NRT,293.38,2.37,N
21.18384,81.38232,309.1,0.39,0.36,2026-09-06,2027,N,VIIRS,n,2.0NRT,292.4,3.03,N
21.18595,81.39038,314.9,0.39,0.36,2026-09-06,2027,N,VIIRS,n,2.0NRT,293.21,1.83,N
21.18927,81.39099,307.96,0.39,0.36,2026-09-06,2027,N,VIIRS,n,2.0NRT,292.28,1.83,N
21.18955,81.19997,308.88,0.39,0.36,2026-09-06,2027,N,VIIRS,n,2.0NRT,291.97,2.87,N
21.19259,81.39162,313.12,0.39,0.36,2026-09-06,2027,N,VIIRS,n,2.0NRT,291.99,2.44,N
21.23326,79.63209,308.52,0.39,0.36,2026-09-06,2027,N,VIIRS,n,2.0NRT,292.29,0.91,N
21.24365,79.22351,310.91,0.4,0.37,2026-09-06,2027,N,VIIRS,n,2.0NRT,290.63,1.42,N
21.24928,79.20884,312.66,0.4,0.37,2026-09-06,2027,N,VIIRS,n,2.0NRT,290.74,1.27,N
21.33653,78.97186,307.2,0.4,0.37,2026-09-06,2027,N,VIIRS,n,2.0NRT,290.3,0.7,N
21.33711,78.96799,321.89,0.4,0.37,2026-09-06,2027,N,VIIRS,n,2.0NRT,291.03,2.74,N
21.34445,81.66502,305.24,0.39,0.36,2026-09-06,2027,N,VIIRS,n,2.0NRT,285.8,1.06,N
21.3706,81.68456,303.3,0.39,0.36,2026-09-06,2027,N,VIIRS,n,2.0NRT,283.42,1.17,N
21.37455,81.68143,303.57,0.39,0.36,2026-09-06,2027,N,VIIRS,n,2.0NRT,284.51,1.17,N
21.37517,81.67767,302.43,0.39,0.36,2026-09-06,2027,N,VIIRS,n,2.0NRT,282.02,1.33,N
21.37788,81.68205,309.01,0.39,0.36,2026-09-06,2027,N,VIIRS,n,2.0NRT,289.29,1.17,N
21.48625,81.76778,309.66,0.39,0.36,2026-09-06,2027,N,VIIRS,n,2.0NRT,291.67,0.75,N
21.5443,81.94603,306.44,0.4,0.37,2026-09-06,2027,N,VIIRS,n,2.0NRT,291.31,1.19,N
21.56058,81.75462,306.02,0.39,0.36,2026-09-06,2027,N,VIIRS,n,2.0NRT,290.77,0.75,N
21.57637,82.02264,310.42,0.4,0.37,2026-09-06,2027,N,VIIRS,n,2.0NRT,292.7,1.55,N
21.62137,81.79305,306.67,0.39,0.36,2026-09-06,2027,N,VIIRS,n,2.0NRT,290.33,1.71,N
21.67737,84.04004,316.31,0.46,0.39,2026-09-06,2027,N,VIIRS,n,2.0NRT,291.03,2.33,N
21.68095,84.04077,311.45,0.46,0.39,2026-09-06,2027,N,VIIRS,n,2.0NRT,291.4,2.33,N
21.73018,82.2159,305.94,0.4,0.37,2026-09-06,2027,N,VIIRS,n,2.0NRT,291.7,1.13,N
21.738,83.84386,309.58,0.45,0.39,2026-09-06,2027,N,VIIRS,n,2.0NRT,291.41,2.02,N
21.74155,83.8446,306.63,0.45,0.39,2026-09-06,2027,N,VIIRS,n,2.0NRT,291.42,4.04,N
21.74232,83.84026,330.78,0.45,0.39,2026-09-06,2027,N,VIIRS,n,2.0NRT,292.01,4.04,N
21.74586,83.841,334.78,0.45,0.39,2026-09-06,2027,N,VIIRS,n,2.0NRT,291.92,4.04,N
21.74865,83.84608,306.91,0.45,0.39,2026-09-06,2027,N,VIIRS,n,2.0NRT,291.24,4.14,N
21.74941,83.84174,341.16,0.45,0.39,2026-09-06,2027,N,VIIRS,n,2.0NRT,292.89,4.14,N
21.75296,83.84248,320.33,0.45,0.39,2026-09-06,2027,N,VIIRS,n,2.0NRT,291.63,4.14,N
21.75487,83.84546,328.9,0.45,0.39,2026-09-06,2027,N,VIIRS,n,2.0NRT,292.15,2.29,N
21.75565,83.84112,317.79,0.45,0.39,2026-09-06,2027,N,VIIRS,n,2.0NRT,291.67,2.29,N
21.75631,84.02211,304.46,0.46,0.39,2026-09-06,2027,N,VIIRS,n,2.0NRT,286.86,2.37,N
21.7565,83.84322,333.59,0.45,0.39,2026-09-06,2027,N,VIIRS,n,2.0NRT,292.75,3.17,N
21.7592,83.84185,309.9,0.45,0.39,2026-09-06,2027,N,VIIRS,n,2.0NRT,291.44,2.29,N
21.76005,83.84395,310.4,0.45,0.39,2026-09-06,2027,N,VIIRS,n,2.0NRT,291.49,3.17,N
21.76119,83.85125,314.94,0.45,0.39,2026-09-06,2027,N,VIIRS,n,2.0NRT,291.53,2.26,N
21.76197,83.8469,321.7,0.45,0.39,2026-09-06,2027,N,VIIRS,n,2.0NRT,291.55,4.3,N
21.76425,84.01917,303.28,0.46,0.39,2026-09-06,2027,N,VIIRS,n,2.0NRT,286.8,2.08,N
21.76783,84.01991,302.77,0.46,0.39,2026-09-06,2027,N,VIIRS,n,2.0NRT,287.51,2.97,N
21.7897,80.01763,308.71,0.39,0.36,2026-09-06,2027,N,VIIRS,n,2.0NRT,291.13,0.72,N
21.79301,80.01822,311.19,0.39,0.36,2026-09-06,2027,N,VIIRS,n,2.0NRT,291.05,0.72,N
21.8011,82.04027,310,0.4,0.37,2026-09-06,2027,N,VIIRS,n,2.0NRT,290.19,1.38,N
21.80195,83.89095,326.15,0.45,0.39,2026-09-06,2027,N,VIIRS,n,2.0NRT,291.26,4.49,N
21.82608,83.90034,307.09,0.45,0.39,2026-09-06,2027,N,VIIRS,n,2.0NRT,291.03,2.21,N
21.85982,83.96837,305.16,0.46,0.39,2026-09-06,2027,N,VIIRS,n,2.0NRT,289.61,2.05,N
21.87546,83.49538,314.31,0.44,0.38,2026-09-06,2027,N,VIIRS,n,2.0NRT,291.01,2.58,N
21.87917,83.55689,309.65,0.44,0.38,2026-09-06,2027,N,VIIRS,n,2.0NRT,290.99,1.35,N
21.91899,83.3492,299.83,0.43,0.38,2026-09-06,2027,N,VIIRS,n,2.0NRT,280.98,0.4,N
21.92246,83.34988,303.61,0.43,0.38,2026-09-06,2027,N,VIIRS,n,2.0NRT,283.9,0.49,N
21.9833,83.23293,312.42,0.43,0.38,2026-09-06,2027,N,VIIRS,n,2.0NRT,290.12,2.01,N
21.98676,83.2336,307.64,0.43,0.38,2026-09-06,2027,N,VIIRS,n,2.0NRT,289.2,1.27,N
22.00373,82.67131,311.44,0.41,0.37,2026-09-06,2027,N,VIIRS,n,2.0NRT,291.91,1.15,N
22.00439,82.6674,310,0.41,0.37,2026-09-06,2027,N,VIIRS,n,2.0NRT,291.64,1.15,N
22.31718,82.55957,308.04,0.4,0.37,2026-09-06,2027,N,VIIRS,n,2.0NRT,288.06,2.02,N
22.33014,82.60641,320.21,0.4,0.37,2026-09-06,2027,N,VIIRS,n,2.0NRT,291.23,2.5,N
22.357,82.30401,333.42,0.4,0.37,2026-09-06,2027,N,VIIRS,n,2.0NRT,293.5,2.32,N
22.35765,82.30017,311.88,0.4,0.37,2026-09-06,2027,N,VIIRS,n,2.0NRT,290.85,2.32,N
22.361,82.30081,313.17,0.4,0.37,2026-09-06,2027,N,VIIRS,n,2.0NRT,291.69,2.32,N
23.16375,82.34019,321.44,0.39,0.37,2026-09-06,2027,N,VIIRS,n,2.0NRT,291.06,2.14,N
23.16438,82.33635,322.71,0.39,0.37,2026-09-06,2027,N,VIIRS,n,2.0NRT,291.19,2.38,N
23.16645,82.34466,316.47,0.39,0.37,2026-09-06,2027,N,VIIRS,n,2.0NRT,290.81,1.89,N
23.16709,82.34083,325.76,0.39,0.37,2026-09-06,2027,N,VIIRS,n,2.0NRT,291.77,1.89,N
24.16126,82.56416,317.13,0.39,0.36,2026-09-06,2027,N,VIIRS,n,2.0NRT,281.97,1.43,N
24.18234,82.64417,304.68,0.4,0.37,2026-09-06,2027,N,VIIRS,n,2.0NRT,282.47,0.65,N
24.18309,82.66032,304.11,0.4,0.37,2026-09-06,2027,N,VIIRS,n,2.0NRT,281.06,0.99,N
24.19806,82.71532,306.47,0.4,0.37,2026-09-06,2027,N,VIIRS,n,2.0NRT,276.18,1.09,N
24.2027,82.70829,300.61,0.4,0.37,2026-09-06,2027,N,VIIRS,n,2.0NRT,277.12,0.53,N
24.20604,82.70895,300.98,0.4,0.37,2026-09-06,2027,N,VIIRS,n,2.0NRT,277.44,0.69,N
24.76391,74.60693,301.93,0.47,0.48,2026-09-06,2027,N,VIIRS,n,2.0NRT,279.07,2.03,N
13.39207,80.103,304.24,0.4,0.37,2026-09-06,2029,N,VIIRS,n,2.0NRT,285.54,0.59,N
13.39294,80.0768,307.2,0.4,0.37,2026-09-06,2029,N,VIIRS,n,2.0NRT,281.93,0.57,N
14.36157,78.78092,312.71,0.38,0.36,2026-09-06,2029,N,VIIRS,n,2.0NRT,290.24,2.88,N
14.36213,78.77739,316.75,0.38,0.36,2026-09-06,2029,N,VIIRS,n,2.0NRT,289.62,2.88,N
14.5861,78.58088,298.19,0.39,0.36,2026-09-06,2029,N,VIIRS,n,2.0NRT,276.76,0.52,N
14.60554,78.52198,308.55,0.39,0.36,2026-09-06,2029,N,VIIRS,n,2.0NRT,283.51,1.9,N
15.02173,78.0144,314.99,0.39,0.36,2026-09-06,2029,N,VIIRS,n,2.0NRT,289.03,2.19,N
15.06937,76.86656,295.47,0.42,0.38,2026-09-06,2029,N,VIIRS,n,2.0NRT,270.81,0.28,N
15.16716,76.37951,309.9,0.44,0.38,2026-09-06,2029,N,VIIRS,n,2.0NRT,286.63,2.15,N
15.17153,76.69308,299.81,0.43,0.38,2026-09-06,2029,N,VIIRS,n,2.0NRT,277.78,0.75,N
15.17216,76.66468,303.26,0.43,0.38,2026-09-06,2029,N,VIIRS,n,2.0NRT,276.99,1.17,N
15.17275,76.66071,316.58,0.43,0.38,2026-09-06,2029,N,VIIRS,n,2.0NRT,278.07,0.93,N
15.17334,76.65672,303.9,0.43,0.38,2026-09-06,2029,N,VIIRS,n,2.0NRT,277.9,0.93,N
15.17665,77.10001,297.03,0.41,0.37,2026-09-06,2029,N,VIIRS,n,2.0NRT,275.56,0.27,N
15.17682,76.65726,311.46,0.43,0.38,2026-09-06,2029,N,VIIRS,n,2.0NRT,279.46,1.6,N
15.17737,76.67767,318.25,0.43,0.38,2026-09-06,2029,N,VIIRS,n,2.0NRT,279,1.44,N
15.17741,76.65328,303.36,0.43,0.38,2026-09-06,2029,N,VIIRS,n,2.0NRT,278.85,0.66,N
15.17796,76.6737,304.5,0.43,0.38,2026-09-06,2029,N,VIIRS,n,2.0NRT,279.15,1.44,N
15.18145,76.67422,307.58,0.43,0.38,2026-09-06,2029,N,VIIRS,n,2.0NRT,279.24,1.32,N
15.18263,76.66628,328.99,0.43,0.38,2026-09-06,2029,N,VIIRS,n,2.0NRT,278.67,4.01,N
15.18494,76.67477,303.39,0.43,0.38,2026-09-06,2029,N,VIIRS,n,2.0NRT,278.76,1.32,N
15.1873,76.65886,303.92,0.43,0.38,2026-09-06,2029,N,VIIRS,n,2.0NRT,278.34,0.98,N
15.22602,76.76505,295.28,0.43,0.38,2026-09-06,2029,N,VIIRS,n,2.0NRT,270.75,0.37,N
15.2266,76.76109,299.69,0.43,0.38,2026-09-06,2029,N,VIIRS,n,2.0NRT,272.66,0.37,N
15.33194,76.28572,306.13,0.44,0.39,2026-09-06,2029,N,VIIRS,n,2.0NRT,283.68,1.32,N
15.33737,76.24843,303.54,0.45,0.39,2026-09-06,2029,N,VIIRS,n,2.0NRT,283.42,1.18,N
15.65793,73.98854,301.83,0.39,0.44,2026-09-06,2029,N,VIIRS,n,2.0NRT,287.12,0.42,N
16.54707,79.75684,305.42,0.38,0.36,2026-09-06,2029,N,VIIRS,n,2.0NRT,290.32,1.27,N
17.46283,80.65475,307.66,0.39,0.36,2026-09-06,2029,N,VIIRS,n,2.0NRT,279.96,0.92,N
17.5851,80.31999,305.01,0.39,0.36,2026-09-06,2029,N,VIIRS,n,2.0NRT,289.16,0.85,N
18.49386,74.20312,309.64,0.42,0.45,2026-09-06,2029,N,VIIRS,n,2.0NRT,289.93,1.01,N
18.69176,73.03945,305.78,0.49,0.49,2026-09-06,2029,N,VIIRS,n,2.0NRT,290.01,1.97,N
6.75835,81.51232,308.6,0.53,0.42,2026-09-06,2032,N,VIIRS,n,2.0NRT,292.92,1.65,N
6.76221,81.51302,344.07,0.53,0.42,2026-09-06,2032,N,VIIRS,n,2.0NRT,295.12,11.37,N
7.06714,80.85702,301.67,0.49,0.4,2026-09-06,2032,N,VIIRS,n,2.0NRT,285.47,0.91,N
7.06823,80.85956,299.54,0.49,0.4,2026-09-06,2032,N,VIIRS,n,2.0NRT,286.46,0.74,N
7.09939,80.84576,305.22,0.49,0.4,2026-09-06,2032,N,VIIRS,n,2.0NRT,288.91,0.55,N
8.08521,80.78294,314.58,0.47,0.4,2026-09-06,2032,N,VIIRS,n,2.0NRT,291.12,1.88,N
10.44463,77.50969,308.74,0.39,0.36,2026-09-06,2032,N,VIIRS,n,2.0NRT,290.41,0.44,N
10.61761,77.42153,304.96,0.39,0.36,2026-09-06,2032,N,VIIRS,n,2.0NRT,292.05,0.67,N
10.90913,77.41766,305.74,0.39,0.36,2026-09-06,2032,N,VIIRS,n,2.0NRT,292.29,0.84,N
11.72184,76.97085,307.81,0.4,0.37,2026-09-06,2032,N,VIIRS,n,2.0NRT,275.69,1.32,N
32.28823,70.73848,302.97,0.45,0.63,2026-09-06,2205,N,VIIRS,n,2.0NRT,289.55,0.79,N
32.65387,70.47578,303.05,0.43,0.62,2026-09-06,2205,N,VIIRS,n,2.0NRT,290.22,0.33,N
33.29656,71.18871,301.83,0.45,0.63,2026-09-06,2205,N,VIIRS,n,2.0NRT,290.28,1.15,N
33.2976,71.18477,301.95,0.45,0.63,2026-09-06,2205,N,VIIRS,n,2.0NRT,290.28,1.13,N
25.38699,68.58179,312.36,0.49,0.65,2026-09-06,2208,N,VIIRS,n,2.0NRT,294.27,1.79,N
24.1202,97.72575,326.17,0.53,0.67,2026-09-07,559,N,VIIRS,n,2.0NRT,288.02,2.89,D
24.23818,97.22869,336.77,0.56,0.69,2026-09-07,559,N,VIIRS,n,2.0NRT,286.42,5.28,D
6.32076,81.31481,341.5,0.61,0.53,2026-09-07,735,N,VIIRS,n,2.0NRT,297.11,21.09,D
6.32406,81.31542,340.99,0.61,0.53,2026-09-07,735,N,VIIRS,n,2.0NRT,295.59,25.64,D
6.444,81.11414,343.23,0.63,0.54,2026-09-07,735,N,VIIRS,n,2.0NRT,291.67,6.3,D
6.51343,81.13143,335.3,0.62,0.54,2026-09-07,735,N,VIIRS,n,2.0NRT,296.42,10.95,D
6.51382,81.12917,343.17,0.62,0.54,2026-09-07,735,N,VIIRS,n,2.0NRT,297.22,10.79,D
6.53106,80.93343,334.29,0.32,0.55,2026-09-07,735,N,VIIRS,n,2.0NRT,293.92,3.73,D
6.5893,80.94856,332.15,0.32,0.54,2026-09-07,735,N,VIIRS,n,2.0NRT,296.27,2.86,D
6.70003,81.29023,331.36,0.6,0.53,2026-09-07,735,N,VIIRS,n,2.0NRT,296.23,4.38,D
6.7049,81.28925,330.21,0.6,0.53,2026-09-07,735,N,VIIRS,n,2.0NRT,296.66,4.38,D
6.74498,81.37678,337.79,0.59,0.53,2026-09-07,735,N,VIIRS,n,2.0NRT,297.77,6.57,D
6.75885,81.21019,331.64,0.61,0.53,2026-09-07,735,N,VIIRS,n,2.0NRT,296.34,5.23,D
6.7589,81.51694,340.84,0.58,0.52,2026-09-07,735,N,VIIRS,n,2.0NRT,298.46,10.8,D
6.76087,81.58633,336.22,0.57,0.52,2026-09-07,735,N,VIIRS,n,2.0NRT,298.13,7.77,D
6.77457,81.21329,349.58,0.61,0.53,2026-09-07,735,N,VIIRS,n,2.0NRT,296,53.26,D
6.77853,81.20697,332.31,0.61,0.53,2026-09-07,735,N,VIIRS,n,2.0NRT,294.03,53.26,D
6.78047,81.21812,342.93,0.61,0.53,2026-09-07,735,N,VIIRS,n,2.0NRT,292.96,78.55,D
6.85036,81.03288,333.88,0.62,0.54,2026-09-07,735,N,VIIRS,n,2.0NRT,291.94,4.92,D
6.87855,81.58488,340.4,0.57,0.52,2026-09-07,735,N,VIIRS,n,2.0NRT,296.3,5.56,D
7.08528,81.37131,340.79,0.59,0.53,2026-09-07,735,N,VIIRS,n,2.0NRT,296.16,8.97,D
7.08771,81.37367,341.79,0.59,0.53,2026-09-07,735,N,VIIRS,n,2.0NRT,295.94,9.32,D
7.29372,81.84384,339.38,0.54,0.51,2026-09-07,735,N,VIIRS,n,2.0NRT,298.29,4.05,D
7.29569,81.84065,342.55,0.54,0.51,2026-09-07,735,N,VIIRS,n,2.0NRT,298.24,3.99,D
7.29839,81.84305,332.31,0.54,0.51,2026-09-07,735,N,VIIRS,n,2.0NRT,297.79,4.05,D
7.3135,81.8326,333.78,0.54,0.51,2026-09-07,735,N,VIIRS,n,2.0NRT,297.99,2.39,D
7.3791,80.8867,336.19,0.63,0.54,2026-09-07,735,N,VIIRS,n,2.0NRT,292.67,8.22,D
7.42252,80.93068,341.94,0.62,0.54,2026-09-07,735,N,VIIRS,n,2.0NRT,295.53,10.21,D
7.46287,81.61843,340.69,0.56,0.51,2026-09-07,735,N,VIIRS,n,2.0NRT,299.39,7.17,D
7.46459,81.69308,334.65,0.55,0.51,2026-09-07,735,N,VIIRS,n,2.0NRT,301.78,7.36,D
7.54869,81.66566,337.12,0.55,0.51,2026-09-07,735,N,VIIRS,n,2.0NRT,296.67,7.09,D
7.57874,81.75728,335.71,0.54,0.51,2026-09-07,735,N,VIIRS,n,2.0NRT,296.31,7.28,D
7.592,81.0443,331.96,0.6,0.53,2026-09-07,735,N,VIIRS,n,2.0NRT,296.52,5.74,D
7.59429,81.04045,335.16,0.61,0.53,2026-09-07,735,N,VIIRS,n,2.0NRT,296.69,6.51,D
7.59592,81.03794,334.99,0.6,0.53,2026-09-07,735,N,VIIRS,n,2.0NRT,297.24,4.2,D
7.86117,79.89874,332.15,0.36,0.57,2026-09-07,735,N,VIIRS,n,2.0NRT,290.81,4.85,D
7.88584,80.30496,330.08,0.34,0.56,2026-09-07,735,N,VIIRS,n,2.0NRT,293.09,3.41,D
7.94753,80.4439,333.55,0.33,0.55,2026-09-07,735,N,VIIRS,n,2.0NRT,289.73,5.27,D
8.02418,80.36,331.59,0.33,0.55,2026-09-07,735,N,VIIRS,n,2.0NRT,294.65,5.32,D
8.0528,81.32001,331.26,0.57,0.52,2026-09-07,735,N,VIIRS,n,2.0NRT,295.48,5.47,D
8.06398,80.64025,332.58,0.63,0.54,2026-09-07,735,N,VIIRS,n,2.0NRT,294.51,7.53,D
8.06511,80.64231,330.51,0.63,0.54,2026-09-07,735,N,VIIRS,n,2.0NRT,294.82,9.1,D
8.06883,80.6097,343.14,0.64,0.54,2026-09-07,735,N,VIIRS,n,2.0NRT,295.07,8.99,D
8.07863,80.78094,331.36,0.62,0.54,2026-09-07,735,N,VIIRS,n,2.0NRT,288.14,3.64,D
8.13118,80.02525,340.17,0.35,0.56,2026-09-07,735,N,VIIRS,n,2.0NRT,292.88,5.23,D
8.13301,80.09626,331.97,0.34,0.56,2026-09-07,735,N,VIIRS,n,2.0NRT,291.48,6.31,D
8.19346,80.10268,351.75,0.34,0.56,2026-09-07,735,N,VIIRS,n,2.0NRT,292.84,5.18,D
8.2227,80.97877,333.28,0.6,0.53,2026-09-07,735,N,VIIRS,n,2.0NRT,293.44,5.01,D
8.25063,80.33293,349.05,0.33,0.55,2026-09-07,735,N,VIIRS,n,2.0NRT,294.46,3.86,D
8.26096,80.12309,343.55,0.34,0.56,2026-09-07,735,N,VIIRS,n,2.0NRT,290.9,3.68,D
8.33283,80.27589,341.44,0.33,0.55,2026-09-07,735,N,VIIRS,n,2.0NRT,292.58,3.14,D
8.33792,80.27499,331.57,0.33,0.55,2026-09-07,735,N,VIIRS,n,2.0NRT,291.07,3.14,D
8.38897,80.20666,341.05,0.33,0.56,2026-09-07,735,N,VIIRS,n,2.0NRT,294.14,3.5,D
8.3895,80.2097,367,0.33,0.56,2026-09-07,735,N,VIIRS,h,2.0NRT,295.34,9.34,D
8.43057,80.38477,331.9,0.32,0.55,2026-09-07,735,N,VIIRS,n,2.0NRT,289.74,1.88,D
8.43337,80.38214,332.28,0.32,0.55,2026-09-07,735,N,VIIRS,n,2.0NRT,292.88,2.14,D
8.45209,80.22456,332.12,0.33,0.55,2026-09-07,735,N,VIIRS,n,2.0NRT,293.52,2.13,D
8.46254,81.11243,339.88,0.58,0.52,2026-09-07,735,N,VIIRS,n,2.0NRT,293.17,6.74,D
8.46348,81.11768,340.22,0.58,0.52,2026-09-07,735,N,VIIRS,n,2.0NRT,293.12,6.74,D
8.46363,81.11488,351.82,0.58,0.52,2026-09-07,735,N,VIIRS,n,2.0NRT,293.31,11.4,D
8.46464,80.49741,332.45,0.32,0.54,2026-09-07,735,N,VIIRS,n,2.0NRT,290.59,5.87,D
8.48152,80.33078,330.11,0.33,0.55,2026-09-07,735,N,VIIRS,n,2.0NRT,293.36,3.22,D
8.50991,80.16398,330.11,0.33,0.56,2026-09-07,735,N,VIIRS,n,2.0NRT,291.81,1.9,D
8.51254,80.16476,338.1,0.33,0.56,2026-09-07,735,N,VIIRS,n,2.0NRT,290.38,2.89,D
8.53558,80.43092,344.56,0.32,0.55,2026-09-07,735,N,VIIRS,n,2.0NRT,291.59,4.6,D
8.55963,80.74296,331.46,0.61,0.53,2026-09-07,735,N,VIIRS,n,2.0NRT,290.23,6.87,D
8.60144,80.83746,341.11,0.6,0.53,2026-09-07,735,N,VIIRS,n,2.0NRT,289.34,9.32,D
8.94231,80.89068,334.28,0.59,0.53,2026-09-07,737,N,VIIRS,n,2.0NRT,290.41,4.81,D
8.94396,80.88758,337.97,0.59,0.53,2026-09-07,737,N,VIIRS,n,2.0NRT,290.01,10.05,D
8.9743,80.81862,332.21,0.59,0.53,2026-09-07,737,N,VIIRS,n,2.0NRT,291.7,8.32,D
9.17599,77.52721,333.26,0.49,0.65,2026-09-07,737,N,VIIRS,n,2.0NRT,288.8,2.66,D
9.265,80.71633,334.7,0.6,0.53,2026-09-07,737,N,VIIRS,n,2.0NRT,292.51,7.59,D
9.55967,78.24466,336.71,0.43,0.62,2026-09-07,737,N,VIIRS,n,2.0NRT,293.64,2.76,D
10.1291,79.13102,332.12,0.37,0.58,2026-09-07,737,N,VIIRS,n,2.0NRT,295.76,5.25,D
10.65692,77.37951,330.62,0.47,0.64,2026-09-07,737,N,VIIRS,n,2.0NRT,298.11,4.96,D
10.76486,79.56414,335.07,0.34,0.56,2026-09-07,737,N,VIIRS,n,2.0NRT,295.31,4.29,D
12.62981,79.35361,333.59,0.32,0.55,2026-09-07,737,N,VIIRS,n,2.0NRT,297.1,2.88,D
13.29172,78.11819,330.13,0.38,0.59,2026-09-07,737,N,VIIRS,l,2.0NRT,304.36,2.95,D
13.33688,77.90711,341.01,0.39,0.59,2026-09-07,737,N,VIIRS,n,2.0NRT,304.06,4.79,D
13.39129,78.55532,336.72,0.35,0.57,2026-09-07,737,N,VIIRS,n,2.0NRT,298.92,2.84,D
13.39136,78.55396,346.49,0.35,0.57,2026-09-07,737,N,VIIRS,n,2.0NRT,299.5,1.87,D
13.8661,79.33069,333.82,0.61,0.54,2026-09-07,737,N,VIIRS,n,2.0NRT,294.2,4.15,D
14.0443,80.13178,345.5,0.54,0.51,2026-09-07,737,N,VIIRS,n,2.0NRT,300.87,6.22,D
14.29615,77.58157,330.2,0.39,0.59,2026-09-07,737,N,VIIRS,n,2.0NRT,296.64,4.19,D
14.47812,77.5274,333.85,0.39,0.6,2026-09-07,737,N,VIIRS,n,2.0NRT,296.59,5.12,D
14.77676,79.65521,331.62,0.56,0.52,2026-09-07,737,N,VIIRS,n,2.0NRT,292.91,4.63,D
14.89407,79.23284,335.91,0.6,0.53,2026-09-07,737,N,VIIRS,n,2.0NRT,293.91,8.26,D
14.95541,79.63568,342.98,0.56,0.51,2026-09-07,737,N,VIIRS,n,2.0NRT,294.56,7.63,D
14.95639,79.64087,339.26,0.56,0.51,2026-09-07,737,N,VIIRS,n,2.0NRT,293.27,7.63,D
15.69215,80.01839,334.19,0.51,0.5,2026-09-07,737,N,VIIRS,n,2.0NRT,300.16,4.75,D
15.78737,78.27644,330.57,0.33,0.55,2026-09-07,737,N,VIIRS,n,2.0NRT,295.03,1.5,D
16.1232,79.9809,335.62,0.51,0.49,2026-09-07,737,N,VIIRS,n,2.0NRT,297.28,3.29,D
16.42542,79.45825,334.26,0.54,0.51,2026-09-07,739,N,VIIRS,n,2.0NRT,295.46,4.47,D
16.87874,80.85161,338.45,0.43,0.46,2026-09-07,739,N,VIIRS,n,2.0NRT,295.2,3.28,D
16.90787,79.90573,331.26,0.5,0.49,2026-09-07,739,N,VIIRS,n,2.0NRT,291.63,3.14,D
17.01457,79.93188,334.31,0.49,0.49,2026-09-07,739,N,VIIRS,n,2.0NRT,292.52,4.75,D
17.60496,83.18684,331.71,0.47,0.4,2026-09-07,739,N,VIIRS,l,2.0NRT,299.65,5.71,D
17.9126,83.45437,330.09,0.45,0.39,2026-09-07,739,N,VIIRS,l,2.0NRT,298.6,5.26,D
19.10229,82.16896,330.22,0.5,0.41,2026-09-07,739,N,VIIRS,l,2.0NRT,298.74,7.63,D
20.76041,85.29862,335.93,0.39,0.36,2026-09-07,739,N,VIIRS,n,2.0NRT,300.8,6.35,D
20.78744,85.25918,333.19,0.39,0.36,2026-09-07,739,N,VIIRS,n,2.0NRT,300.43,7.26,D
20.79349,85.25431,339.1,0.39,0.36,2026-09-07,739,N,VIIRS,n,2.0NRT,301.49,11.19,D
20.80732,85.25565,336.42,0.39,0.36,2026-09-07,739,N,VIIRS,n,2.0NRT,300.85,7.38,D
20.86327,84.98638,332.71,0.39,0.36,2026-09-07,739,N,VIIRS,n,2.0NRT,296.58,3.53,D
20.86386,84.9901,341.59,0.39,0.36,2026-09-07,739,N,VIIRS,n,2.0NRT,299.56,3.53,D
20.86444,84.99381,340.65,0.39,0.36,2026-09-07,739,N,VIIRS,n,2.0NRT,299.45,8.19,D
20.87168,84.99634,343.09,0.39,0.36,2026-09-07,739,N,VIIRS,n,2.0NRT,298.42,8.12,D
20.88653,84.98221,332.89,0.39,0.36,2026-09-07,739,N,VIIRS,n,2.0NRT,299.3,6.25,D
20.88985,84.98161,330.49,0.39,0.36,2026-09-07,739,N,VIIRS,n,2.0NRT,297.96,3.52,D
20.96211,85.18645,330.4,0.39,0.36,2026-09-07,739,N,VIIRS,n,2.0NRT,296.72,5.82,D
20.96409,86.00706,339.73,0.38,0.36,2026-09-07,739,N,VIIRS,n,2.0NRT,300.76,8.78,D
20.96852,86.01384,335.31,0.38,0.36,2026-09-07,739,N,VIIRS,n,2.0NRT,301.63,5.93,D
20.96964,86.0212,330.75,0.38,0.36,2026-09-07,739,N,VIIRS,n,2.0NRT,299.51,4.31,D
20.97015,86.00223,336.57,0.38,0.36,2026-09-07,739,N,VIIRS,n,2.0NRT,300.55,5.31,D
20.9703,85.17357,342.39,0.39,0.36,2026-09-07,739,N,VIIRS,n,2.0NRT,298.79,5.21,D
20.97089,85.17728,336.28,0.39,0.36,2026-09-07,739,N,VIIRS,n,2.0NRT,297.87,5.21,D
20.97402,86.00534,335.32,0.38,0.36,2026-09-07,739,N,VIIRS,n,2.0NRT,300.01,4.11,D
20.97693,85.17239,330.76,0.39,0.36,2026-09-07,739,N,VIIRS,n,2.0NRT,297.63,3.85,D
21.236,94.84895,367,0.34,0.56,2026-09-07,739,N,VIIRS,h,2.0NRT,291.95,12.41,D
21.23763,94.84933,367,0.34,0.56,2026-09-07,739,N,VIIRS,h,2.0NRT,291.67,10.69,D
21.6799,84.03884,331.65,0.4,0.37,2026-09-07,739,N,VIIRS,l,2.0NRT,299.85,3.63,D
21.74611,83.84345,340.17,0.41,0.37,2026-09-07,739,N,VIIRS,l,2.0NRT,300.69,12.68,D
21.74949,83.84281,341.41,0.41,0.37,2026-09-07,739,N,VIIRS,l,2.0NRT,300.15,11.39,D
21.7569,83.84543,336.81,0.41,0.37,2026-09-07,739,N,VIIRS,l,2.0NRT,299.79,7.87,D
21.76431,83.84805,333.67,0.41,0.37,2026-09-07,739,N,VIIRS,l,2.0NRT,296.86,5.12,D
21.76809,84.01927,330.61,0.4,0.37,2026-09-07,739,N,VIIRS,l,2.0NRT,299.44,7.95,D
21.80306,83.89296,335.17,0.4,0.37,2026-09-07,739,N,VIIRS,l,2.0NRT,299.72,5.38,D
22.20925,84.86183,337.56,0.39,0.36,2026-09-07,739,N,VIIRS,n,2.0NRT,297.82,3.47,D
22.3571,82.30258,336.1,0.45,0.39,2026-09-07,739,N,VIIRS,l,2.0NRT,298.18,10.02,D
22.57151,85.89799,330.51,0.39,0.36,2026-09-07,739,N,VIIRS,n,2.0NRT,299.25,4.01,D
22.57426,85.89369,339.35,0.39,0.36,2026-09-07,739,N,VIIRS,n,2.0NRT,297.88,3.54,D
22.57482,85.89742,331.58,0.39,0.36,2026-09-07,739,N,VIIRS,n,2.0NRT,297.26,3.54,D
23.508,94.00916,331.11,0.63,0.54,2026-09-07,739,N,VIIRS,n,2.0NRT,290.81,6.81,D
23.62771,96.60427,326.64,0.46,0.64,2026-09-07,739,N,VIIRS,n,2.0NRT,287.93,2.94,D
23.67601,86.39903,332.82,0.39,0.37,2026-09-07,739,N,VIIRS,n,2.0NRT,298.25,4.45,D
23.67936,86.39845,332.32,0.39,0.37,2026-09-07,739,N,VIIRS,n,2.0NRT,297.7,4.45,D
23.6855,86.39344,345.21,0.39,0.37,2026-09-07,739,N,VIIRS,n,2.0NRT,298.93,8.43,D
23.71457,86.45176,333.91,0.4,0.37,2026-09-07,739,N,VIIRS,n,2.0NRT,296.78,5.65,D
23.73581,86.43229,331.95,0.4,0.37,2026-09-07,739,N,VIIRS,n,2.0NRT,297.04,3.06,D
23.73637,86.43615,338.87,0.4,0.37,2026-09-07,739,N,VIIRS,n,2.0NRT,299.15,3.06,D
23.73973,86.43557,332.5,0.4,0.37,2026-09-07,739,N,VIIRS,n,2.0NRT,297.34,3.06,D
23.75722,86.40472,333.45,0.39,0.37,2026-09-07,739,N,VIIRS,n,2.0NRT,296.78,2.85,D
23.76057,86.40414,334.9,0.39,0.37,2026-09-07,739,N,VIIRS,n,2.0NRT,296.73,2.85,D
23.79465,86.35478,332.56,0.39,0.36,2026-09-07,739,N,VIIRS,n,2.0NRT,292.41,1.86,D
23.80133,86.32993,335.05,0.39,0.36,2026-09-07,739,N,VIIRS,n,2.0NRT,297.07,4.15,D
23.80467,86.32935,343.5,0.39,0.36,2026-09-07,739,N,VIIRS,n,2.0NRT,297.8,4.15,D
25.97929,93.56585,331.22,0.63,0.54,2026-09-07,739,N,VIIRS,n,2.0NRT,291.4,3.67,D
30.68413,73.86338,333.71,0.62,0.54,2026-09-07,744,N,VIIRS,n,2.0NRT,295.36,5.51,D
31.25838,74.14626,331.24,0.58,0.52,2026-09-07,744,N,VIIRS,n,2.0NRT,300.47,3.55,D
35.8244,68.37402,331.82,0.47,0.64,2026-09-07,744,N,VIIRS,n,2.0NRT,301.58,1.06,D
35.82621,68.37363,333.69,0.47,0.64,2026-09-07,744,N,VIIRS,n,2.0NRT,302.64,1.69,D
36.96354,81.34337,347.42,0.38,0.36,2026-09-07,744,N,VIIRS,n,2.0NRT,307.76,3.38,D
36.9642,81.34764,341.74,0.38,0.36,2026-09-07,744,N,VIIRS,n,2.0NRT,308.38,3.38,D
36.96814,81.35114,345.61,0.38,0.36,2026-09-07,744,N,VIIRS,n,2.0NRT,309.41,2.94,D
36.97143,81.35034,339.76,0.38,0.36,2026-09-07,744,N,VIIRS,n,2.0NRT,308.74,2.94,D
36.97208,81.35461,339.6,0.38,0.36,2026-09-07,744,N,VIIRS,l,2.0NRT,311.13,2.94,D
24.80595,68.12324,354.71,0.61,0.53,2026-09-07,922,N,VIIRS,n,2.0NRT,301,28.36,D
25.29603,68.12163,341.06,0.62,0.54,2026-09-07,922,N,VIIRS,n,2.0NRT,306.47,4.74,D
33.20423,70.47748,347.8,0.51,0.66,2026-09-07,924,N,VIIRS,n,2.0NRT,298.83,6.6,D
33.20913,70.47443,343.24,0.51,0.66,2026-09-07,924,N,VIIRS,n,2.0NRT,298.42,4.15,D
31.3671,76.35385,311.15,0.43,0.62,2026-09-07,2006,N,VIIRS,n,2.0NRT,289.99,2.46,N
32.30096,74.31669,305.12,0.57,0.69,2026-09-07,2006,N,VIIRS,n,2.0NRT,291.62,1.27,N
21.92332,85.22227,300.52,0.38,0.36,2026-09-07,2008,N,VIIRS,n,2.0NRT,287.2,1.07,N
22.01295,83.75442,307.61,0.41,0.37,2026-09-07,2008,N,VIIRS,n,2.0NRT,289.52,1.24,N
22.01634,83.75499,307.63,0.41,0.37,2026-09-07,2008,N,VIIRS,n,2.0NRT,290.06,0.97,N
22.01691,83.75108,305.81,0.41,0.37,2026-09-07,2008,N,VIIRS,n,2.0NRT,289.89,1.19,N
22.02825,83.74499,304.38,0.41,0.37,2026-09-07,2008,N,VIIRS,n,2.0NRT,287.59,0.63,N
22.03677,83.73435,305.64,0.41,0.37,2026-09-07,2008,N,VIIRS,n,2.0NRT,288.32,1.03,N
22.03716,83.35303,312.58,0.42,0.37,2026-09-07,2008,N,VIIRS,n,2.0NRT,289.7,1.48,N
22.03734,83.73043,309.51,0.41,0.37,2026-09-07,2008,N,VIIRS,n,2.0NRT,288.19,1.29,N
22.03775,83.34901,309.61,0.42,0.37,2026-09-07,2008,N,VIIRS,n,2.0NRT,288.74,0.81,N
22.04016,83.73492,307.47,0.41,0.37,2026-09-07,2008,N,VIIRS,n,2.0NRT,288.43,1.77,N
22.06517,83.70693,303.72,0.41,0.37,2026-09-07,2008,N,VIIRS,n,2.0NRT,278.88,0.88,N
22.09159,83.12476,306.26,0.42,0.38,2026-09-07,2008,N,VIIRS,n,2.0NRT,289.68,1.03,N
22.09291,83.12337,306.99,0.42,0.38,2026-09-07,2008,N,VIIRS,n,2.0NRT,289.74,0.8,N
22.20656,84.85925,306.99,0.39,0.36,2026-09-07,2008,N,VIIRS,n,2.0NRT,291.38,1.63,N
22.2093,84.86359,310.79,0.39,0.36,2026-09-07,2008,N,VIIRS,n,2.0NRT,292.15,1.38,N
22.21032,84.87914,311.4,0.39,0.36,2026-09-07,2008,N,VIIRS,n,2.0NRT,291.41,2.44,N
22.2109,84.8754,332.48,0.39,0.36,2026-09-07,2008,N,VIIRS,n,2.0NRT,292.05,2.44,N
22.21147,84.87166,321.25,0.39,0.36,2026-09-07,2008,N,VIIRS,n,2.0NRT,291.36,2.21,N
22.21205,84.86791,317.55,0.39,0.36,2026-09-07,2008,N,VIIRS,n,2.0NRT,291.13,2.21,N
22.21262,84.86417,306.93,0.39,0.36,2026-09-07,2008,N,VIIRS,n,2.0NRT,291.9,1.38,N
22.21537,84.8685,311.14,0.39,0.36,2026-09-07,2008,N,VIIRS,n,2.0NRT,291.15,1.97,N
22.31507,82.53609,304.74,0.45,0.39,2026-09-07,2008,N,VIIRS,n,2.0NRT,289.46,2.33,N
22.31799,82.5677,310.21,0.45,0.39,2026-09-07,2008,N,VIIRS,n,2.0NRT,290.26,2.46,N
22.31859,82.56335,316,0.45,0.39,2026-09-07,2008,N,VIIRS,n,2.0NRT,290.56,3.61,N
22.321,82.54596,306.64,0.45,0.39,2026-09-07,2008,N,VIIRS,n,2.0NRT,290.35,2.18,N
22.32211,82.59047,312.49,0.45,0.39,2026-09-07,2008,N,VIIRS,n,2.0NRT,289.68,2.42,N
22.32993,82.53404,306.15,0.45,0.39,2026-09-07,2008,N,VIIRS,n,2.0NRT,289.93,1.51,N
22.33097,82.60513,320.14,0.45,0.39,2026-09-07,2008,N,VIIRS,n,2.0NRT,289.97,2.59,N
22.35425,82.30378,306.13,0.46,0.39,2026-09-07,2008,N,VIIRS,n,2.0NRT,290.06,1.04,N
22.35666,87.2903,307.49,0.4,0.37,2026-09-07,2008,N,VIIRS,n,2.0NRT,287.22,1.66,N
22.35786,82.30437,321.87,0.46,0.39,2026-09-07,2008,N,VIIRS,n,2.0NRT,291.04,2.03,N
22.35847,82.2999,306.3,0.46,0.39,2026-09-07,2008,N,VIIRS,n,2.0NRT,289.92,1.81,N
22.36481,87.30393,307.46,0.4,0.37,2026-09-07,2008,N,VIIRS,n,2.0NRT,288.09,1.06,N
22.36546,87.30004,318.07,0.4,0.37,2026-09-07,2008,N,VIIRS,n,2.0NRT,287.62,2.53,N
22.37614,87.27805,304.92,0.4,0.37,2026-09-07,2008,N,VIIRS,n,2.0NRT,279.82,1.63,N
23.69606,86.07864,306.71,0.38,0.36,2026-09-07,2008,N,VIIRS,n,2.0NRT,286.25,2.29,N
23.75589,85.85011,304.3,0.38,0.36,2026-09-07,2008,N,VIIRS,n,2.0NRT,288.83,0.66,N
23.76423,86.39191,297.67,0.39,0.36,2026-09-07,2008,N,VIIRS,n,2.0NRT,280.38,1.12,N
23.77234,86.19652,315.34,0.38,0.36,2026-09-07,2008,N,VIIRS,n,2.0NRT,290.2,2.42,N
24.13551,82.59011,313.35,0.46,0.39,2026-09-07,2008,N,VIIRS,n,2.0NRT,286.91,2.22,N
24.14507,82.65659,301.21,0.46,0.39,2026-09-07,2008,N,VIIRS,n,2.0NRT,284.54,0.69,N
24.1812,82.66249,307.03,0.46,0.39,2026-09-07,2008,N,VIIRS,n,2.0NRT,286.44,1.4,N
24.20153,82.7096,305.27,0.46,0.39,2026-09-07,2008,N,VIIRS,n,2.0NRT,287.83,1.32,N
24.2045,82.70778,304.64,0.46,0.39,2026-09-07,2008,N,VIIRS,n,2.0NRT,287.58,1.22,N
24.20514,82.71014,308.99,0.46,0.39,2026-09-07,2008,N,VIIRS,n,2.0NRT,287.9,1.6,N
24.76122,74.60571,303.2,0.47,0.64,2026-09-07,2008,N,VIIRS,n,2.0NRT,290.66,1.01,N
24.76444,74.60759,305.29,0.47,0.64,2026-09-07,2008,N,VIIRS,n,2.0NRT,291.17,1.01,N
26.77367,94.50772,303.98,0.52,0.5,2026-09-07,2008,N,VIIRS,n,2.0NRT,287.53,1.96,N
27.32268,95.27859,305.5,0.56,0.51,2026-09-07,2008,N,VIIRS,n,2.0NRT,288.17,0.88,N
27.32445,95.27393,304.83,0.56,0.51,2026-09-07,2008,N,VIIRS,n,2.0NRT,287.95,1.4,N
27.3751,95.3355,307.7,0.56,0.52,2026-09-07,2008,N,VIIRS,n,2.0NRT,288.08,0.94,N
28.34664,77.22958,305.33,0.35,0.57,2026-09-07,2008,N,VIIRS,n,2.0NRT,292.45,0.56,N
28.37362,77.22543,312.87,0.35,0.57,2026-09-07,2008,N,VIIRS,n,2.0NRT,292.68,0.97,N
28.66099,77.57737,306.46,0.34,0.56,2026-09-07,2008,N,VIIRS,n,2.0NRT,293.34,0.67,N
28.85041,77.14855,306.37,0.36,0.57,2026-09-07,2008,N,VIIRS,n,2.0NRT,292.68,0.72,N
29.90967,74.95046,307.94,0.5,0.66,2026-09-07,2008,N,VIIRS,n,2.0NRT,290.62,6.63,N
29.91,74.94514,367,0.5,0.66,2026-09-07,2008,N,VIIRS,h,2.0NRT,291.13,10.9,N
29.91032,74.93981,303.98,0.5,0.66,2026-09-07,2008,N,VIIRS,n,2.0NRT,290.29,10.9,N
15.17621,77.1028,303.67,0.49,0.49,2026-09-07,2010,N,VIIRS,n,2.0NRT,289.79,4.86,N
17.60513,83.20155,316.15,0.4,0.37,2026-09-07,2010,N,VIIRS,n,2.0NRT,293.83,2.39,N
17.61128,83.20637,311.32,0.4,0.37,2026-09-07,2010,N,VIIRS,n,2.0NRT,293.45,0.96,N
17.6936,83.24232,309.93,0.39,0.37,2026-09-07,2010,N,VIIRS,n,2.0NRT,294.74,1.2,N
17.95531,80.79729,310.34,0.49,0.4,2026-09-07,2010,N,VIIRS,n,2.0NRT,293.27,1.99,N
17.95595,80.79268,307.32,0.49,0.4,2026-09-07,2010,N,VIIRS,n,2.0NRT,293.32,2.72,N
17.96845,83.15285,307.51,0.4,0.37,2026-09-07,2010,N,VIIRS,n,2.0NRT,294.04,0.8,N
18.7168,79.53994,306.37,0.39,0.44,2026-09-07,2010,N,VIIRS,n,2.0NRT,292.98,1.38,N
18.72083,79.54057,307.39,0.39,0.44,2026-09-07,2010,N,VIIRS,n,2.0NRT,293.05,0.99,N
19.09837,82.16897,324.98,0.43,0.38,2026-09-07,2010,N,VIIRS,n,2.0NRT,292.16,1.13,N
19.09908,82.16777,317.36,0.43,0.38,2026-09-07,2010,N,VIIRS,n,2.0NRT,291.83,1.29,N
19.10188,82.16952,309.46,0.43,0.38,2026-09-07,2010,N,VIIRS,n,2.0NRT,292.87,1.13,N
19.10259,82.16832,310.34,0.43,0.38,2026-09-07,2010,N,VIIRS,n,2.0NRT,293.22,1.29,N
19.10317,82.1642,321.03,0.43,0.38,2026-09-07,2010,N,VIIRS,n,2.0NRT,291.84,1.6,N
19.82112,79.23884,306.04,0.42,0.45,2026-09-07,2010,N,VIIRS,n,2.0NRT,292.13,0.75,N
19.93037,79.12118,307.83,0.42,0.46,2026-09-07,2010,N,VIIRS,n,2.0NRT,292.39,1.22,N
19.93666,73.71207,310.84,0.47,0.64,2026-09-07,2010,N,VIIRS,n,2.0NRT,284.38,1.69,N
20.69603,78.6388,306.68,0.46,0.47,2026-09-07,2010,N,VIIRS,n,2.0NRT,291.14,1.29,N
20.75949,85.2986,324.96,0.38,0.36,2026-09-07,2010,N,VIIRS,n,2.0NRT,291.89,2.66,N
20.76007,85.29493,312.01,0.38,0.36,2026-09-07,2010,N,VIIRS,n,2.0NRT,291.57,1.51,N
20.76065,85.29126,306.88,0.38,0.36,2026-09-07,2010,N,VIIRS,n,2.0NRT,291.03,1.51,N
20.78513,85.26547,313.15,0.38,0.36,2026-09-07,2010,N,VIIRS,n,2.0NRT,290.61,2.66,N
20.78571,85.2618,316.32,0.38,0.36,2026-09-07,2010,N,VIIRS,n,2.0NRT,291.42,3.1,N
20.7896,85.25873,334.98,0.38,0.36,2026-09-07,2010,N,VIIRS,n,2.0NRT,291.18,3.1,N
20.7929,85.25932,306.66,0.38,0.36,2026-09-07,2010,N,VIIRS,n,2.0NRT,291.29,1.4,N
20.79349,85.25565,321.86,0.38,0.36,2026-09-07,2010,N,VIIRS,n,2.0NRT,291.6,6.87,N
20.79407,85.25198,330.59,0.38,0.36,2026-09-07,2010,N,VIIRS,n,2.0NRT,290.7,6.87,N
20.79621,85.2599,316.79,0.38,0.36,2026-09-07,2010,N,VIIRS,n,2.0NRT,291.21,1.4,N
20.79949,85.26003,321.45,0.38,0.36,2026-09-07,2010,N,VIIRS,n,2.0NRT,291.23,2.16,N
20.80338,85.25696,313.52,0.38,0.36,2026-09-07,2010,N,VIIRS,n,2.0NRT,291.4,2.79,N
20.80668,85.25755,328.96,0.38,0.36,2026-09-07,2010,N,VIIRS,n,2.0NRT,292.94,4.39,N
20.86272,84.9882,329.87,0.38,0.36,2026-09-07,2010,N,VIIRS,n,2.0NRT,292.92,1.58,N
20.86487,84.99614,318.33,0.38,0.36,2026-09-07,2010,N,VIIRS,n,2.0NRT,292.61,1.87,N
20.86545,84.99247,315.54,0.38,0.36,2026-09-07,2010,N,VIIRS,n,2.0NRT,292.53,1.87,N
20.86602,84.98879,308,0.38,0.36,2026-09-07,2010,N,VIIRS,n,2.0NRT,292.16,1.58,N
20.86818,84.99673,345.11,0.38,0.36,2026-09-07,2010,N,VIIRS,n,2.0NRT,294.01,3.91,N
20.86876,84.99306,312.48,0.38,0.36,2026-09-07,2010,N,VIIRS,n,2.0NRT,292.77,3.91,N
20.87148,84.99731,316.29,0.38,0.36,2026-09-07,2010,N,VIIRS,n,2.0NRT,292.05,3.91,N
20.88371,84.98437,311.78,0.38,0.36,2026-09-07,2010,N,VIIRS,n,2.0NRT,292.57,1.57,N
20.88428,84.9807,320.52,0.38,0.36,2026-09-07,2010,N,VIIRS,n,2.0NRT,292.25,1.57,N
20.88702,84.98495,310.15,0.38,0.36,2026-09-07,2010,N,VIIRS,n,2.0NRT,292.78,1.57,N
20.88759,84.98129,333.47,0.38,0.36,2026-09-07,2010,N,VIIRS,n,2.0NRT,292.81,1.57,N
20.95701,85.01184,311.63,0.38,0.36,2026-09-07,2010,N,VIIRS,n,2.0NRT,293.53,3.02,N
20.96017,85.18622,311.27,0.38,0.36,2026-09-07,2010,N,VIIRS,n,2.0NRT,291.32,2.11,N
20.96191,85.17519,308.15,0.38,0.36,2026-09-07,2010,N,VIIRS,n,2.0NRT,291.84,1.78,N
20.96249,85.17152,322.78,0.38,0.36,2026-09-07,2010,N,VIIRS,n,2.0NRT,292.1,1.54,N
20.9629,85.19048,322.56,0.38,0.36,2026-09-07,2010,N,VIIRS,n,2.0NRT,292.72,3.35,N
20.96307,85.16784,322.16,0.38,0.36,2026-09-07,2010,N,VIIRS,n,2.0NRT,292.43,1.54,N
20.96348,85.18681,335.02,0.38,0.36,2026-09-07,2010,N,VIIRS,n,2.0NRT,292.68,2.11,N
20.96406,85.18313,309.94,0.38,0.36,2026-09-07,2010,N,VIIRS,n,2.0NRT,291.29,2.11,N
20.96423,85.16049,310.36,0.38,0.36,2026-09-07,2010,N,VIIRS,n,2.0NRT,291.45,2.96,N
20.96464,85.17946,306.97,0.38,0.36,2026-09-07,2010,N,VIIRS,n,2.0NRT,291.42,1.78,N
20.9658,85.17211,307.3,0.38,0.36,2026-09-07,2010,N,VIIRS,n,2.0NRT,291.47,1.54,N
20.96638,85.16843,314.01,0.38,0.36,2026-09-07,2010,N,VIIRS,n,2.0NRT,291.93,1.54,N
20.96852,85.17638,337.27,0.38,0.36,2026-09-07,2010,N,VIIRS,n,2.0NRT,292.39,2.79,N
20.96869,85.15373,335.81,0.38,0.36,2026-09-07,2010,N,VIIRS,n,2.0NRT,292.72,5.77,N
20.9691,85.1727,330.17,0.38,0.36,2026-09-07,2010,N,VIIRS,n,2.0NRT,292.4,5.18,N
20.97183,85.17696,313.68,0.38,0.36,2026-09-07,2010,N,VIIRS,n,2.0NRT,291.68,2.79,N
20.97571,85.17388,312.16,0.38,0.36,2026-09-07,2010,N,VIIRS,n,2.0NRT,291.39,1.94,N
20.97629,85.1702,324.85,0.38,0.36,2026-09-07,2010,N,VIIRS,n,2.0NRT,291.95,1.94,N
20.9782,85.13654,316.87,0.38,0.36,2026-09-07,2010,N,VIIRS,n,2.0NRT,292.36,1.91,N
20.97878,85.13287,307.81,0.38,0.36,2026-09-07,2010,N,VIIRS,n,2.0NRT,292.27,1.91,N
21.07366,85.0472,309.46,0.38,0.36,2026-09-07,2010,N,VIIRS,n,2.0NRT,292.21,0.97,N
21.07424,85.04351,312.01,0.38,0.36,2026-09-07,2010,N,VIIRS,n,2.0NRT,292.07,0.97,N
21.07539,85.03615,308.1,0.38,0.36,2026-09-07,2010,N,VIIRS,n,2.0NRT,293.45,2.14,N
21.07755,85.0441,308.45,0.38,0.36,2026-09-07,2010,N,VIIRS,n,2.0NRT,292.47,0.69,N
21.0787,85.03674,316.31,0.38,0.36,2026-09-07,2010,N,VIIRS,n,2.0NRT,293.7,2.19,N
21.07928,85.03306,314.21,0.38,0.36,2026-09-07,2010,N,VIIRS,n,2.0NRT,292.67,1.11,N
21.1822,81.38818,307.06,0.49,0.4,2026-09-07,2010,N,VIIRS,n,2.0NRT,287.91,1.54,N
21.18283,81.38342,305.98,0.49,0.4,2026-09-07,2010,N,VIIRS,n,2.0NRT,287.66,1.35,N
21.18593,81.38875,316.12,0.49,0.4,2026-09-07,2010,N,VIIRS,n,2.0NRT,288.83,1.54,N
21.19211,81.39938,304.04,0.49,0.4,2026-09-07,2010,N,VIIRS,n,2.0NRT,288.13,0.44,N
21.1933,81.41888,327.06,0.49,0.4,2026-09-07,2010,N,VIIRS,n,2.0NRT,289.37,5.78,N
21.19393,81.41416,317.08,0.49,0.4,2026-09-07,2010,N,VIIRS,n,2.0NRT,288.22,9.94,N
21.19702,81.41945,321.15,0.49,0.4,2026-09-07,2010,N,VIIRS,n,2.0NRT,288.76,5.78,N
21.24577,81.77044,305.78,0.47,0.4,2026-09-07,2010,N,VIIRS,n,2.0NRT,291.23,0.58,N
21.30586,81.57719,306.64,0.48,0.4,2026-09-07,2010,N,VIIRS,n,2.0NRT,290.83,1.24,N
21.33333,78.96702,307.7,0.45,0.47,2026-09-07,2010,N,VIIRS,n,2.0NRT,288.08,1.28,N
21.33712,78.97202,305.33,0.45,0.47,2026-09-07,2010,N,VIIRS,n,2.0NRT,288.8,1.38,N
21.33766,78.96764,310.9,0.45,0.47,2026-09-07,2010,N,VIIRS,n,2.0NRT,289.2,1.28,N
21.34521,81.66624,304.62,0.48,0.4,2026-09-07,2010,N,VIIRS,n,2.0NRT,288.02,0.58,N
21.37473,81.64243,307.36,0.48,0.4,2026-09-07,2010,N,VIIRS,n,2.0NRT,291.31,1.67,N
21.37708,81.68069,310.66,0.48,0.4,2026-09-07,2010,N,VIIRS,n,2.0NRT,292.12,2.95,N
21.48734,81.77048,309.42,0.48,0.4,2026-09-07,2010,N,VIIRS,n,2.0NRT,290.85,1.97,N
21.62202,81.79386,306.19,0.48,0.4,2026-09-07,2010,N,VIIRS,n,2.0NRT,290.65,1.91,N
21.67835,84.03706,320.73,0.4,0.37,2026-09-07,2010,N,VIIRS,n,2.0NRT,292.25,3.35,N
21.68114,84.04147,313.58,0.4,0.37,2026-09-07,2010,N,VIIRS,n,2.0NRT,292.82,3.14,N
21.73854,83.84201,316.37,0.4,0.37,2026-09-07,2010,N,VIIRS,n,2.0NRT,292.56,2.04,N
21.74192,83.84258,325.8,0.4,0.37,2026-09-07,2010,N,VIIRS,n,2.0NRT,292.67,4.75,N
21.74531,83.84315,338.03,0.4,0.37,2026-09-07,2010,N,VIIRS,n,2.0NRT,292.28,4.75,N
21.74869,83.84371,336.84,0.4,0.37,2026-09-07,2010,N,VIIRS,n,2.0NRT,293.31,4,N
21.75208,83.84428,307.52,0.4,0.37,2026-09-07,2010,N,VIIRS,n,2.0NRT,291.4,4,N
21.75399,84.02219,317.94,0.4,0.37,2026-09-07,2010,N,VIIRS,n,2.0NRT,291.76,3.68,N
21.75546,83.84485,329.97,0.4,0.37,2026-09-07,2010,N,VIIRS,n,2.0NRT,292.96,2.61,N
21.75611,83.81718,306.86,0.4,0.37,2026-09-07,2010,N,VIIRS,n,2.0NRT,290.94,0.93,N
21.75941,83.84155,311.83,0.4,0.37,2026-09-07,2010,N,VIIRS,n,2.0NRT,291.99,2.61,N
21.76129,84.0195,313.8,0.4,0.37,2026-09-07,2010,N,VIIRS,n,2.0NRT,292.64,2.32,N
21.76164,83.84987,334.32,0.4,0.37,2026-09-07,2010,N,VIIRS,n,2.0NRT,292.75,3.5,N
21.76222,83.846,309.75,0.4,0.37,2026-09-07,2010,N,VIIRS,n,2.0NRT,291.65,2.05,N
21.76466,84.02008,320.86,0.4,0.37,2026-09-07,2010,N,VIIRS,n,2.0NRT,292.87,2.32,N
21.76745,84.0245,307.62,0.4,0.37,2026-09-07,2010,N,VIIRS,n,2.0NRT,291.2,1.41,N
21.76802,84.02066,313.33,0.4,0.37,2026-09-07,2010,N,VIIRS,n,2.0NRT,292.35,1.75,N
21.77139,84.02124,311.41,0.4,0.37,2026-09-07,2010,N,VIIRS,n,2.0NRT,291.93,1.75,N
21.79338,83.98951,306.09,0.4,0.37,2026-09-07,2010,N,VIIRS,n,2.0NRT,291.23,0.6,N
21.79533,83.883,311.63,0.4,0.37,2026-09-07,2010,N,VIIRS,n,2.0NRT,291.24,1.36,N
21.80094,83.89191,326.63,0.4,0.37,2026-09-07,2010,N,VIIRS,n,2.0NRT,291.58,2.65,N
21.81696,83.99355,306.84,0.4,0.37,2026-09-07,2010,N,VIIRS,n,2.0NRT,291.28,0.75,N
21.85923,83.96523,308.62,0.4,0.37,2026-09-07,2010,N,VIIRS,n,2.0NRT,291.63,0.83,N
21.87663,83.49507,309.03,0.41,0.37,2026-09-07,2010,N,VIIRS,n,2.0NRT,288.8,1.13,N
21.87819,83.55629,312.48,0.41,0.37,2026-09-07,2010,N,VIIRS,n,2.0NRT,290.32,1.08,N
21.87935,83.54838,305.36,0.41,0.37,2026-09-07,2010,N,VIIRS,n,2.0NRT,289.86,0.9,N
21.89918,83.98308,306.18,0.4,0.37,2026-09-07,2010,N,VIIRS,n,2.0NRT,291.3,0.95,N
21.91873,83.35078,315.86,0.42,0.37,2026-09-07,2010,N,VIIRS,n,2.0NRT,280.18,2.05,N
21.91931,83.34677,297.63,0.42,0.37,2026-09-07,2010,N,VIIRS,n,2.0NRT,277.3,0.42,N
21.92216,83.35136,317.07,0.42,0.37,2026-09-07,2010,N,VIIRS,n,2.0NRT,280.68,1.83,N
21.92392,83.3393,303.36,0.42,0.37,2026-09-07,2010,N,VIIRS,n,2.0NRT,283.07,2.13,N
21.9652,83.77157,306.37,0.4,0.37,2026-09-07,2010,N,VIIRS,n,2.0NRT,290.43,2.53,N
21.98398,83.23223,319.49,0.42,0.38,2026-09-07,2010,N,VIIRS,n,2.0NRT,291.08,2.75,N
21.98612,83.36504,300.36,0.42,0.37,2026-09-07,2010,N,VIIRS,n,2.0NRT,281.05,0.33,N
22.00236,82.66692,307.92,0.44,0.38,2026-09-07,2010,N,VIIRS,n,2.0NRT,290.1,1.44,N
22.00529,82.67177,309.98,0.44,0.38,2026-09-07,2010,N,VIIRS,n,2.0NRT,290.83,1.72,N
10.61566,77.41953,310.47,0.41,0.45,2026-09-07,2012,N,VIIRS,n,2.0NRT,293.93,0.66,N
10.82689,78.8291,313.7,0.51,0.41,2026-09-07,2012,N,VIIRS,n,2.0NRT,294.42,2.11,N
11.26702,80.00352,321.1,0.45,0.39,2026-09-07,2012,N,VIIRS,n,2.0NRT,293.9,1.08,N
11.76615,76.94112,305.83,0.46,0.47,2026-09-07,2012,N,VIIRS,n,2.0NRT,290.12,0.87,N
11.77049,76.9417,304.84,0.46,0.47,2026-09-07,2012,N,VIIRS,n,2.0NRT,290.95,0.87,N
11.81668,77.91529,307.02,0.4,0.44,2026-09-07,2012,N,VIIRS,n,2.0NRT,294.26,1.54,N
12.09401,76.79564,301.72,0.47,0.48,2026-09-07,2012,N,VIIRS,n,2.0NRT,290.69,0.55,N
12.09417,76.79395,302.15,0.47,0.48,2026-09-07,2012,N,VIIRS,n,2.0NRT,290.74,0.63,N
12.09841,76.79625,302.32,0.47,0.48,2026-09-07,2012,N,VIIRS,n,2.0NRT,290.88,0.49,N
12.09858,76.79456,305.69,0.47,0.48,2026-09-07,2012,N,VIIRS,n,2.0NRT,290.83,0.66,N
12.74417,77.6196,306.6,0.42,0.46,2026-09-07,2012,N,VIIRS,n,2.0NRT,290.3,0.82,N
6.23024,81.13094,320.47,0.39,0.36,2026-09-07,2014,N,VIIRS,n,2.0NRT,293.28,1.34,N
7.14724,80.04165,303.88,0.41,0.37,2026-09-07,2014,N,VIIRS,n,2.0NRT,282.77,0.47,N
8.11407,80.81003,332.23,0.4,0.37,2026-09-07,2014,N,VIIRS,n,2.0NRT,293.94,3.72,N
8.11463,80.80643,367,0.4,0.37,2026-09-07,2014,N,VIIRS,h,2.0NRT,297.28,19.51,N
8.11519,80.8028,345.81,0.4,0.37,2026-09-07,2014,N,VIIRS,n,2.0NRT,296.53,19.51,N
8.11745,80.81055,347.58,0.4,0.37,2026-09-07,2014,N,VIIRS,n,2.0NRT,302.93,38.76,N
8.11801,80.80695,347.32,0.4,0.37,2026-09-07,2014,N,VIIRS,n,2.0NRT,297.84,12.29,N
8.12139,80.80746,322.93,0.4,0.37,2026-09-07,2014,N,VIIRS,n,2.0NRT,293.97,12.29,N
8.29047,80.20461,309.31,0.42,0.37,2026-09-07,2014,N,VIIRS,n,2.0NRT,292.58,1.76,N
31.25737,76.92625,299.46,0.58,0.7,2026-09-07,2146,N,VIIRS,n,2.0NRT,286.48,0.91,N
31.25916,76.92676,298.77,0.58,0.7,2026-09-07,2146,N,VIIRS,n,2.0NRT,286.22,1.48,N
31.3673,76.35603,303.33,0.53,0.67,2026-09-07,2146,N,VIIRS,n,2.0NRT,290.59,0.89,N
32.12922,74.17644,306.48,0.39,0.59,2026-09-07,2146,N,VIIRS,n,2.0NRT,292.96,1.06,N
32.65364,70.47669,309.81,0.47,0.48,2026-09-07,2146,N,VIIRS,n,2.0NRT,293.16,1.39,N
32.65474,70.47163,306.08,0.47,0.48,2026-09-07,2146,N,VIIRS,n,2.0NRT,293.26,1.39,N
32.65506,70.47351,316.42,0.47,0.48,2026-09-07,2146,N,VIIRS,n,2.0NRT,293.47,2.55,N
32.72151,72.92504,304.77,0.32,0.54,2026-09-07,2146,N,VIIRS,n,2.0NRT,291.26,0.38,N
26.09564,68.87837,306.77,0.51,0.5,2026-09-07,2148,N,VIIRS,n,2.0NRT,295.97,0.9,N
28.03946,69.6724,310.72,0.52,0.5,2026-09-07,2148,N,VIIRS,n,2.0NRT,296.59,1.96,N
28.42394,69.70216,312,0.52,0.5,2026-09-07,2148,N,VIIRS,n,2.0NRT,295.38,1.46,N
29.47196,76.86069,305.54,0.63,0.72,2026-09-07,2148,N,VIIRS,n,2.0NRT,291.29,1.33,N
29.90457,74.95105,311.45,0.48,0.65,2026-09-07,2148,N,VIIRS,n,2.0NRT,290.39,6,N
29.90722,74.95615,313.15,0.48,0.65,2026-09-07,2148,N,VIIRS,n,2.0NRT,290.66,8.76,N
29.90849,74.95123,367,0.48,0.65,2026-09-07,2148,N,VIIRS,h,2.0NRT,291.65,10.15,N
29.90907,74.95796,303.49,0.48,0.65,2026-09-07,2148,N,VIIRS,n,2.0NRT,290.52,6,N
29.90977,74.9463,303.3,0.48,0.65,2026-09-07,2148,N,VIIRS,n,2.0NRT,290,10.15,N
29.91037,74.95306,367,0.48,0.65,2026-09-07,2148,N,VIIRS,h,2.0NRT,291.9,6,N
29.91168,74.94814,312.02,0.48,0.65,2026-09-07,2148,N,VIIRS,n,2.0NRT,290.76,13.68,N
31.25821,74.14293,309.7,0.4,0.6,2026-09-07,2148,N,VIIRS,n,2.0NRT,291.84,1.21,N
20.90812,71.4603,302.6,0.47,0.64,2026-09-07,2150,N,VIIRS,n,2.0NRT,290.07,1.17,N
20.91152,71.45925,303.63,0.47,0.64,2026-09-07,2150,N,VIIRS,n,2.0NRT,289.9,0.85,N
23.31261,70.1996,301.47,0.35,0.57,2026-09-07,2150,N,VIIRS,n,2.0NRT,290.92,0.45,N
23.51418,72.41602,302.64,0.48,0.65,2026-09-07,2150,N,VIIRS,n,2.0NRT,290.68,0.44,N
23.54443,72.40617,305.66,0.48,0.64,2026-09-07,2150,N,VIIRS,n,2.0NRT,290.62,0.62,N
25.38737,68.58277,319.43,0.51,0.49,2026-09-07,2150,N,VIIRS,n,2.0NRT,296.03,2.48,N
25.388,68.58441,326.48,0.51,0.49,2026-09-07,2150,N,VIIRS,n,2.0NRT,296.04,3.44,N
6.71136,81.53332,331.31,0.61,0.71,2026-09-08,718,N,VIIRS,n,2.0NRT,289.61,5.84,D
6.71596,81.53243,333.96,0.61,0.71,2026-09-08,718,N,VIIRS,n,2.0NRT,289.69,5.37,D
6.72456,81.28551,330.86,0.63,0.72,2026-09-08,718,N,VIIRS,n,2.0NRT,291.77,6.84,D
7.61222,80.93584,339.15,0.64,0.72,2026-09-08,718,N,VIIRS,n,2.0NRT,291.93,6.81,D
7.95023,80.10661,333.68,0.72,0.75,2026-09-08,718,N,VIIRS,n,2.0NRT,287.82,6.49,D
7.97608,80.05353,333.42,0.72,0.76,2026-09-08,718,N,VIIRS,n,2.0NRT,288.36,9.72,D
8.15005,81.13979,337.83,0.61,0.71,2026-09-08,718,N,VIIRS,n,2.0NRT,289.69,7.53,D
8.54175,80.52318,336.54,0.66,0.73,2026-09-08,718,N,VIIRS,n,2.0NRT,289.66,7.06,D
9.37813,80.43444,341.92,0.64,0.72,2026-09-08,718,N,VIIRS,n,2.0NRT,291.88,7.48,D
10.41876,79.25484,335.8,0.74,0.76,2026-09-08,718,N,VIIRS,n,2.0NRT,295.51,7.07,D
10.42313,79.25229,355.09,0.73,0.76,2026-09-08,718,N,VIIRS,n,2.0NRT,295.22,10.43,D
10.42577,79.25342,344.95,0.74,0.76,2026-09-08,718,N,VIIRS,n,2.0NRT,295.13,7.07,D
11.16977,79.58669,330.7,0.68,0.74,2026-09-08,718,N,VIIRS,n,2.0NRT,293.92,5.67,D
11.44852,79.55484,331.28,0.67,0.74,2026-09-08,720,N,VIIRS,n,2.0NRT,294.18,6.1,D
11.71798,79.20487,330.28,0.7,0.75,2026-09-08,720,N,VIIRS,n,2.0NRT,294.5,6.98,D
11.71861,79.20637,333.78,0.7,0.75,2026-09-08,720,N,VIIRS,n,2.0NRT,294.92,4.97,D
11.91456,78.91544,337.28,0.73,0.76,2026-09-08,720,N,VIIRS,n,2.0NRT,294.41,4.43,D
16.86624,79.28669,340.8,0.55,0.68,2026-09-08,720,N,VIIRS,n,2.0NRT,287.48,10.5,D
16.86987,79.28905,349.2,0.55,0.68,2026-09-08,720,N,VIIRS,n,2.0NRT,286.91,9.74,D
17.42077,82.34301,336.64,0.34,0.56,2026-09-08,720,N,VIIRS,n,2.0NRT,292.76,2.06,D
17.42123,82.3414,329.03,0.34,0.56,2026-09-08,720,N,VIIRS,n,2.0NRT,292.18,2.8,D
19.09924,82.16588,327.77,0.33,0.55,2026-09-08,720,N,VIIRS,n,2.0NRT,293.54,3.91,D
22.68995,92.1611,329.81,0.41,0.37,2026-09-08,722,N,VIIRS,n,2.0NRT,292.02,2.89,D
23.67418,86.0887,335.29,0.48,0.4,2026-09-08,722,N,VIIRS,n,2.0NRT,289.13,7.74,D
27.94888,95.25629,332.5,0.44,0.46,2026-09-08,722,N,VIIRS,n,2.0NRT,294.32,2.75,D
28.65772,77.57368,338.07,0.39,0.6,2026-09-08,724,N,VIIRS,n,2.0NRT,294.07,3.21,D
29.9065,74.94508,367,0.52,0.67,2026-09-08,724,N,VIIRS,h,2.0NRT,295.48,13.87,D
29.90792,74.9504,333.77,0.52,0.67,2026-09-08,724,N,VIIRS,n,2.0NRT,296.05,16.71,D
29.90838,74.94791,367,0.52,0.67,2026-09-08,724,N,VIIRS,h,2.0NRT,295.73,15.56,D
31.21099,75.96707,329.07,0.42,0.61,2026-09-08,724,N,VIIRS,n,2.0NRT,295.18,2.47,D
6.38879,81.01832,333.68,0.61,0.71,2026-09-08,858,N,VIIRS,n,2.0NRT,288.76,5,D
6.39152,81.01944,335.74,0.61,0.71,2026-09-08,858,N,VIIRS,n,2.0NRT,288.81,4.47,D
7.56449,81.01935,341.91,0.63,0.72,2026-09-08,858,N,VIIRS,n,2.0NRT,292.38,10.86,D
7.56569,81.05844,353.87,0.64,0.72,2026-09-08,858,N,VIIRS,n,2.0NRT,291.01,13.73,D
7.56799,81.02248,335.25,0.63,0.72,2026-09-08,858,N,VIIRS,n,2.0NRT,292.17,9.12,D
7.56993,81.06039,340.3,0.64,0.72,2026-09-08,858,N,VIIRS,n,2.0NRT,290.96,10.01,D
7.7091,80.68776,338.87,0.6,0.71,2026-09-08,858,N,VIIRS,n,2.0NRT,290.04,10.21,D
7.70964,80.69207,341.61,0.6,0.71,2026-09-08,858,N,VIIRS,n,2.0NRT,290.31,14.15,D
7.71078,80.68703,340.15,0.6,0.71,2026-09-08,858,N,VIIRS,n,2.0NRT,289.75,9.17,D
7.71136,80.69144,343.91,0.6,0.71,2026-09-08,858,N,VIIRS,n,2.0NRT,290.21,9.17,D
7.84198,79.8895,343.53,0.54,0.67,2026-09-08,858,N,VIIRS,n,2.0NRT,290.92,7.16,D
8.43047,80.35378,336.38,0.59,0.7,2026-09-08,858,N,VIIRS,n,2.0NRT,290.13,6.95,D
8.60429,77.96714,337.01,0.41,0.6,2026-09-08,858,N,VIIRS,n,2.0NRT,299.88,2.57,D
8.68277,80.80513,337.41,0.63,0.72,2026-09-08,858,N,VIIRS,n,2.0NRT,290.81,3.8,D
8.95051,80.46358,330.71,0.61,0.71,2026-09-08,858,N,VIIRS,n,2.0NRT,289.22,3.53,D
9.09733,77.4617,330.93,0.38,0.59,2026-09-08,858,N,VIIRS,n,2.0NRT,298.6,1.47,D
9.09777,77.45968,335.17,0.38,0.59,2026-09-08,858,N,VIIRS,n,2.0NRT,298.97,1.46,D
9.24284,77.45622,367,0.38,0.59,2026-09-08,858,N,VIIRS,h,2.0NRT,300.12,6.7,D
9.34336,77.66833,336.37,0.4,0.6,2026-09-08,858,N,VIIRS,n,2.0NRT,301.54,1.47,D
9.34557,78.82265,340.93,0.48,0.64,2026-09-08,858,N,VIIRS,n,2.0NRT,294.84,7.49,D
9.3474,77.66602,348.28,0.4,0.6,2026-09-08,858,N,VIIRS,n,2.0NRT,300.93,2.13,D
9.34892,77.66765,330.81,0.4,0.6,2026-09-08,858,N,VIIRS,n,2.0NRT,300.21,1.47,D
9.48111,78.22231,334.78,0.44,0.62,2026-09-08,858,N,VIIRS,n,2.0NRT,297.17,3.12,D
9.53493,78.64525,358.03,0.47,0.64,2026-09-08,858,N,VIIRS,n,2.0NRT,293.97,10.55,D
9.84427,77.43711,333.04,0.39,0.59,2026-09-08,858,N,VIIRS,n,2.0NRT,301.65,1.08,D
9.84432,77.43795,330.84,0.39,0.59,2026-09-08,858,N,VIIRS,l,2.0NRT,301.21,2.31,D
10.26803,77.25012,333.67,0.38,0.59,2026-09-08,858,N,VIIRS,n,2.0NRT,300.52,4.37,D
10.26851,77.25398,367,0.39,0.59,2026-09-08,858,N,VIIRS,h,2.0NRT,303.46,13.47,D
10.26912,77.25885,367,0.39,0.59,2026-09-08,858,N,VIIRS,h,2.0NRT,303.19,13.47,D
10.27382,77.25198,367,0.38,0.59,2026-09-08,858,N,VIIRS,h,2.0NRT,306.94,8.66,D
10.27434,77.2561,338.94,0.39,0.59,2026-09-08,858,N,VIIRS,n,2.0NRT,304.77,7.95,D
12.06157,77.02383,330.93,0.39,0.6,2026-09-08,900,N,VIIRS,n,2.0NRT,298.73,2.86,D
12.09969,77.06045,331.42,0.4,0.6,2026-09-08,900,N,VIIRS,l,2.0NRT,302.11,3.63,D
12.6018,76.3521,330.43,0.36,0.57,2026-09-08,900,N,VIIRS,n,2.0NRT,297.42,1.17,D
12.68629,79.22961,330.03,0.56,0.69,2026-09-08,900,N,VIIRS,n,2.0NRT,290.8,5,D
13.76837,76.63393,334.36,0.39,0.59,2026-09-08,900,N,VIIRS,n,2.0NRT,294.39,3.36,D
14.2825,76.63771,339.44,0.4,0.6,2026-09-08,900,N,VIIRS,n,2.0NRT,295.05,4.58,D
16.83965,76.57693,338.6,0.42,0.61,2026-09-08,902,N,VIIRS,n,2.0NRT,289.66,3.65,D
20.81934,71.06818,330.11,0.42,0.45,2026-09-08,902,N,VIIRS,n,2.0NRT,299.88,2.79,D
21.10201,72.65463,333.48,0.53,0.5,2026-09-08,902,N,VIIRS,n,2.0NRT,297.8,4.88,D
21.10262,72.63547,337.55,0.53,0.5,2026-09-08,902,N,VIIRS,n,2.0NRT,298.03,9.33,D
21.10373,72.64575,343.32,0.53,0.5,2026-09-08,902,N,VIIRS,n,2.0NRT,299.18,10.64,D
21.10607,72.6489,339.2,0.53,0.5,2026-09-08,902,N,VIIRS,n,2.0NRT,299.32,10.32,D
24.67546,68.22954,337.51,0.49,0.4,2026-09-08,905,N,VIIRS,n,2.0NRT,302.66,3.29,D
24.88822,68.00552,343.55,0.48,0.4,2026-09-08,905,N,VIIRS,n,2.0NRT,308.6,4.46,D
25.02114,68.23278,339.49,0.49,0.4,2026-09-08,905,N,VIIRS,n,2.0NRT,307.46,3.65,D
25.02487,68.23222,340.54,0.49,0.4,2026-09-08,905,N,VIIRS,n,2.0NRT,308.72,7.97,D
25.57998,68.63033,331.53,0.52,0.42,2026-09-08,905,N,VIIRS,l,2.0NRT,305.96,3.84,D
26.11402,68.94534,338.33,0.55,0.43,2026-09-08,905,N,VIIRS,n,2.0NRT,305.78,5.33,D
26.11474,68.94655,334.53,0.55,0.43,2026-09-08,905,N,VIIRS,l,2.0NRT,305.1,2.47,D
26.15266,68.60349,340.16,0.53,0.42,2026-09-08,905,N,VIIRS,l,2.0NRT,311.45,6.53,D
26.61547,68.16102,343.67,0.51,0.41,2026-09-08,905,N,VIIRS,n,2.0NRT,306.76,10.62,D
27.97179,68.9266,342.52,0.39,0.44,2026-09-08,905,N,VIIRS,n,2.0NRT,307.6,3.99,D
28.04094,69.6731,333.71,0.42,0.46,2026-09-08,905,N,VIIRS,l,2.0NRT,305.84,4.14,D
29.82304,72.84699,337.52,0.34,0.56,2026-09-08,905,N,VIIRS,n,2.0NRT,299.51,2.06,D
30.33233,71.97624,338.09,0.62,0.54,2026-09-08,905,N,VIIRS,n,2.0NRT,300.17,5.02,D
31.33438,72.16042,333.78,0.32,0.55,2026-09-08,905,N,VIIRS,n,2.0NRT,297.11,2.1,D
31.33746,72.16238,333.87,0.32,0.55,2026-09-08,905,N,VIIRS,n,2.0NRT,296.93,3.64,D
31.45633,72.13813,337.01,0.32,0.55,2026-09-08,905,N,VIIRS,n,2.0NRT,297.88,2.5,D
33.37469,70.30645,342.48,0.53,0.5,2026-09-08,907,N,VIIRS,n,2.0NRT,300.81,3.7,D